raw_source,role,acceptance_rule,beam_width,budget_ge,task_spec,condition_number,batch_size,seed,controller,controller_role,initial_loss,final_loss,log_improvement,floor_hit,total_cost_ge,search_cost_ge,n_steps,stop_reason,rejection_rate,failure_rate,negative_curvature_rate,target,reached,cost_to_target_ge,steps_to_target
headroom_challenge_step_size_fixed_b8_fed9aebd.jsonl,configuration selection,control,8,150.0,quad_ill_conditioned_d100_k1e+03,1e+03,,2,best_static@easy,,6532.466796875,0.05004236474633217,11.779425252001634,0,147.6,0.0,12,cost_budget,0.0,0.0,0.0,relative_loss<=0.01,1,12.3,1
headroom_challenge_step_size_fixed_b8_fed9aebd.jsonl,configuration selection,control,8,150.0,quad_ill_conditioned_d100_k1e+03,1e+03,,2,best_static@hard,,6532.466796875,0.05004236474633217,11.779425252001634,0,147.6,0.0,12,cost_budget,0.0,0.0,0.0,relative_loss<=1e-06,0,,
headroom_challenge_step_size_fixed_b8_fed9aebd.jsonl,configuration selection,control,8,150.0,quad_ill_conditioned_d100_k1e+03,1e+03,,2,best_static@medium,,6532.466796875,0.05004236474633217,11.779425252001634,0,147.6,0.0,12,cost_budget,0.0,0.0,0.0,relative_loss<=0.0001,1,86.1,7
headroom_challenge_step_size_fixed_b8_fed9aebd.jsonl,configuration selection,control,8,150.0,quad_ill_conditioned_d100_k1e+03,1e+03,,2,committed_Q2_narrow,,6532.466796875,0.0001095563784474507,17.90361118416501,0,141.6,30974.4,12,cost_budget,0.0,0.0,0.0,relative_loss<=0.0001,1,82.1,7
headroom_challenge_step_size_fixed_b8_fed9aebd.jsonl,configuration selection,control,8,150.0,quad_ill_conditioned_d100_k1e+03,1e+03,,2,committed_Q2_wide,,6532.466796875,0.00012273997708689421,17.78998236230593,0,138.29999999999998,69249.6,11,cost_budget,0.0,0.0,0.0,relative_loss<=0.0001,1,78.8,6
headroom_challenge_step_size_fixed_b8_fed9aebd.jsonl,configuration selection,control,8,150.0,quad_ill_conditioned_d100_k1e+03,1e+03,,2,committed_Q4_narrow,,6532.466796875,2.1422862118924968e-05,19.535591797496032,0,144.0,68947.2,10,cost_budget,0.0,0.0,0.0,relative_loss<=0.0001,1,62.5,5
headroom_challenge_step_size_fixed_b8_fed9aebd.jsonl,configuration selection,control,8,150.0,quad_ill_conditioned_d100_k1e+03,1e+03,,2,committed_Q4_wide,,6532.466796875,2.2460768377641216e-05,19.4882803129249,0,146.29999999999998,161784.0,11,cost_budget,0.0,0.0,0.0,relative_loss<=0.0001,1,56.900000000000006,3
headroom_challenge_step_size_fixed_b8_fed9aebd.jsonl,configuration selection,control,8,150.0,quad_ill_conditioned_d100_k1e+03,1e+03,,2,heuristic,,6532.466796875,0.05004251003265381,11.779422348739338,0,147.6,0.0,12,cost_budget,0.0,0.0,0.0,relative_loss<=0.0001,1,86.1,7
headroom_challenge_step_size_fixed_b8_fed9aebd.jsonl,configuration selection,control,8,150.0,quad_ill_conditioned_d100_k1e+03,1e+03,,2,onestep_absolute,,6532.466796875,8.408673602389172e-05,18.168201634766014,0,148.7,9378.0,9,cost_budget,0.0,0.0,0.0,relative_loss<=0.0001,1,69.5,5
headroom_challenge_step_size_fixed_b8_fed9aebd.jsonl,configuration selection,control,8,150.0,quad_ill_conditioned_d100_k1e+03,1e+03,,2,onestep_narrow,,6532.466796875,0.00010835615103133023,17.91462697619894,0,138.7,1186.0,9,cost_budget,0.0,0.0,0.0,relative_loss<=0.0001,1,69.5,5
headroom_challenge_step_size_fixed_b8_fed9aebd.jsonl,configuration selection,control,8,150.0,quad_ill_conditioned_d100_k1e+03,1e+03,,2,onestep_wide,,6532.466796875,8.320304186781868e-05,18.178766564516735,0,148.7,2754.0,9,cost_budget,0.0,0.0,0.0,relative_loss<=0.0001,1,69.5,5
headroom_challenge_step_size_fixed_b8_fed9aebd.jsonl,configuration selection,control,8,150.0,quad_ill_conditioned_d100_k1e+03,1e+03,,2,open_loop[0],,6532.466796875,0.06427816301584244,11.52907523099312,0,145.9,0.0,13,cost_budget,0.0,0.0,0.0,relative_loss<=0.0001,1,86.1,7
headroom_challenge_step_size_fixed_b8_fed9aebd.jsonl,configuration selection,control,8,150.0,quad_ill_conditioned_d100_k1e+03,1e+03,,2,open_loop[1],,6532.466796875,0.2657351493835449,10.109795059849858,0,143.7,0.0,19,cost_budget,0.0,0.0,0.0,relative_loss<=0.0001,1,99.89999999999998,13
headroom_challenge_step_size_fixed_b8_fed9aebd.jsonl,configuration selection,control,8,150.0,quad_ill_conditioned_d100_k1e+03,1e+03,,2,open_loop[2],,6532.466796875,0.1636088788509369,10.594816499203723,0,149.8,0.0,16,cost_budget,0.0,0.0,0.0,relative_loss<=0.0001,1,86.1,7
headroom_challenge_step_size_fixed_b8_fed9aebd.jsonl,configuration selection,control,8,150.0,quad_ill_conditioned_d100_k1e+03,1e+03,,2,open_loop[3],,6532.466796875,6.804235458374023,6.866994634812647,0,148.39999999999995,0.0,32,cost_budget,0.18181818181818182,0.0,0.0,relative_loss<=0.0001,0,,
headroom_challenge_step_size_fixed_b8_fed9aebd.jsonl,configuration selection,control,8,150.0,quad_ill_conditioned_d100_k1e+03,1e+03,,2,open_loop[4],best_open_loop,6532.466796875,0.016331259161233902,12.899214182354656,0,144.5,0.0,15,cost_budget,0.0,0.0,0.0,relative_loss<=0.0001,1,66.9,3
headroom_challenge_step_size_fixed_b8_fed9aebd.jsonl,configuration selection,control,8,150.0,quad_ill_conditioned_d100_k1e+03,1e+03,,2,open_loop[5],,6532.466796875,13.382675170898438,6.19057894187317,0,147.40000000000003,0.0,28,cost_budget,0.0,0.0,0.0,relative_loss<=0.0001,0,,
headroom_challenge_step_size_fixed_b8_fed9aebd.jsonl,configuration selection,control,8,150.0,quad_ill_conditioned_d100_k1e+03,1e+03,,2,shrinking_Q2_narrow,,6532.466796875,0.0001095563784474507,17.90361118416501,0,141.6,64264.9,12,cost_budget,0.0,0.0,0.0,relative_loss<=0.0001,1,82.1,7
headroom_challenge_step_size_fixed_b8_fed9aebd.jsonl,configuration selection,control,8,150.0,quad_ill_conditioned_d100_k1e+03,1e+03,,2,shrinking_Q2_wide,,6532.466796875,6.738576485076919e-05,18.38961668096981,0,145.6,139336.5,12,cost_budget,0.0,0.0,0.0,relative_loss<=0.0001,1,84.1,7
headroom_challenge_step_size_fixed_b8_fed9aebd.jsonl,configuration selection,control,8,150.0,quad_ill_conditioned_d100_k1e+03,1e+03,,2,shrinking_Q4@easy,,6532.466796875,2.8972325325012207,7.720783932400971,0,144.79999999999998,4147.2,26,cost_budget,0.0,0.0,0.0,relative_loss<=0.01,1,12.3,1
headroom_challenge_step_size_fixed_b8_fed9aebd.jsonl,configuration selection,control,8,150.0,quad_ill_conditioned_d100_k1e+03,1e+03,,2,shrinking_Q4@hard,,6532.466796875,0.0026450082659721375,14.719621003168085,0,147.10000000000002,128688.4,17,cost_budget,0.0,0.0,0.0,relative_loss<=1e-06,1,99.39999999999999,8
headroom_challenge_step_size_fixed_b8_fed9aebd.jsonl,configuration selection,control,8,150.0,quad_ill_conditioned_d100_k1e+03,1e+03,,2,shrinking_Q4@medium,,6532.466796875,0.1454780399799347,10.71227004635689,0,145.3,57347.1,21,cost_budget,0.0,0.0,0.0,relative_loss<=0.0001,1,49.900000000000006,3
headroom_challenge_step_size_fixed_b8_fed9aebd.jsonl,configuration selection,control,8,150.0,quad_ill_conditioned_d100_k1e+03,1e+03,,2,shrinking_Q4_narrow,,6532.466796875,8.930651529226452e-05,18.107976027765986,0,143.3,211564.8,11,cost_budget,0.0,0.0,0.0,relative_loss<=0.0001,1,81.8,6
headroom_challenge_step_size_fixed_b8_fed9aebd.jsonl,configuration selection,control,8,150.0,quad_ill_conditioned_d100_k1e+03,1e+03,,2,shrinking_Q4_wide,,6532.466796875,1.5064159015309997e-05,19.887732125305895,0,146.0,422547.6,10,cost_budget,0.0,0.0,0.0,relative_loss<=0.0001,1,62.2,4
headroom_challenge_step_size_fixed_b8_fed9aebd.jsonl,configuration selection,control,8,150.0,quad_ill_conditioned_d100_k1e+03,1e+03,,2,static[0],,6532.466796875,3.263810634613037,7.6016444955600235,0,148.4,0.0,28,cost_budget,0.0,0.0,0.0,relative_loss<=0.0001,0,,
headroom_challenge_step_size_fixed_b8_fed9aebd.jsonl,configuration selection,control,8,150.0,quad_ill_conditioned_d100_k1e+03,1e+03,,2,static[10],,6532.466796875,0.8679137229919434,8.926202881359334,0,148.60000000000002,0.0,21,cost_budget,0.045454545454545456,0.0,0.0,relative_loss<=0.0001,0,,
headroom_challenge_step_size_fixed_b8_fed9aebd.jsonl,configuration selection,control,8,150.0,quad_ill_conditioned_d100_k1e+03,1e+03,,2,static[2],,6532.466796875,0.05001705139875412,11.779931218338302,0,147.6,0.0,12,cost_budget,0.0,0.0,0.0,relative_loss<=0.0001,1,86.1,7
headroom_challenge_step_size_fixed_b8_fed9aebd.jsonl,configuration selection,control,8,150.0,quad_ill_conditioned_d100_k1e+03,1e+03,,2,static[4],,6532.466796875,3.263838529586792,7.601635948846481,0,148.4,0.0,28,cost_budget,0.0,0.0,0.0,relative_loss<=0.0001,0,,
headroom_challenge_step_size_fixed_b8_fed9aebd.jsonl,configuration selection,control,8,150.0,quad_ill_conditioned_d100_k1e+03,1e+03,,2,static[6],best_static,6532.466796875,0.05004236474633217,11.779425252001634,0,147.6,0.0,12,cost_budget,0.0,0.0,0.0,relative_loss<=0.0001,1,86.1,7
headroom_challenge_step_size_fixed_b8_fed9aebd.jsonl,configuration selection,control,8,150.0,quad_ill_conditioned_d100_k1e+03,1e+03,,2,static[8],,6532.466796875,20.830963134765625,5.748099422551818,0,149.09999999999997,0.0,37,cost_budget,0.2631578947368421,0.0,0.0,relative_loss<=0.0001,0,,
headroom_challenge_step_size_fixed_b8_fed9aebd.jsonl,configuration selection,control,8,150.0,quad_ill_conditioned_d100_k1e+03,1e+03,,3,best_static@easy,,8105.3603515625,0.01641993224620819,13.109540194847039,0,147.6,0.0,12,cost_budget,0.0,0.0,0.0,relative_loss<=0.01,1,12.3,1
headroom_challenge_step_size_fixed_b8_fed9aebd.jsonl,configuration selection,control,8,150.0,quad_ill_conditioned_d100_k1e+03,1e+03,,3,best_static@hard,,8105.3603515625,0.01641993224620819,13.109540194847039,0,147.6,0.0,12,cost_budget,0.0,0.0,0.0,relative_loss<=1e-06,0,,
headroom_challenge_step_size_fixed_b8_fed9aebd.jsonl,configuration selection,control,8,150.0,quad_ill_conditioned_d100_k1e+03,1e+03,,3,best_static@medium,,8105.3603515625,0.01641993224620819,13.109540194847039,0,147.6,0.0,12,cost_budget,0.0,0.0,0.0,relative_loss<=0.0001,1,73.8,6
headroom_challenge_step_size_fixed_b8_fed9aebd.jsonl,configuration selection,control,8,150.0,quad_ill_conditioned_d100_k1e+03,1e+03,,3,committed_Q2_narrow,,8105.3603515625,7.430640107486397e-05,18.507594351787546,0,138.0,30456.0,10,cost_budget,0.0,0.0,0.0,relative_loss<=0.0001,1,54.2,4
headroom_challenge_step_size_fixed_b8_fed9aebd.jsonl,configuration selection,control,8,150.0,quad_ill_conditioned_d100_k1e+03,1e+03,,3,committed_Q2_wide,,8105.3603515625,8.369919669348747e-05,18.388562071548243,0,138.0,75600.0,10,cost_budget,0.0,0.0,0.0,relative_loss<=0.0001,1,54.2,4
headroom_challenge_step_size_fixed_b8_fed9aebd.jsonl,configuration selection,control,8,150.0,quad_ill_conditioned_d100_k1e+03,1e+03,,3,committed_Q4_narrow,,8105.3603515625,1.2860700735473074e-05,20.261615244684155,0,140.70000000000002,73612.8,9,cost_budget,0.0,0.0,0.0,relative_loss<=0.0001,1,44.6,2
headroom_challenge_step_size_fixed_b8_fed9aebd.jsonl,configuration selection,control,8,150.0,quad_ill_conditioned_d100_k1e+03,1e+03,,3,committed_Q4_wide,,8105.3603515625,1.9696704839589074e-05,19.83534009682093,0,144.3,167529.6,11,cost_budget,0.0,0.0,0.0,relative_loss<=0.0001,1,46.900000000000006,3
headroom_challenge_step_size_fixed_b8_fed9aebd.jsonl,configuration selection,control,8,150.0,quad_ill_conditioned_d100_k1e+03,1e+03,,3,heuristic,,8105.3603515625,0.016421495005488396,13.109445024849133,0,147.6,0.0,12,cost_budget,0.0,0.0,0.0,relative_loss<=0.0001,1,73.8,6
headroom_challenge_step_size_fixed_b8_fed9aebd.jsonl,configuration selection,control,8,150.0,quad_ill_conditioned_d100_k1e+03,1e+03,,3,onestep_absolute,,8105.3603515625,2.4386372388107702e-05,19.621766983957272,0,144.0,10324.6,10,cost_budget,0.0,0.0,0.0,relative_loss<=0.0001,1,52.5,5
headroom_challenge_step_size_fixed_b8_fed9aebd.jsonl,configuration selection,control,8,150.0,quad_ill_conditioned_d100_k1e+03,1e+03,,3,onestep_narrow,,8105.3603515625,2.4806475266814232e-05,19.604686732989528,0,144.0,1304.6,10,cost_budget,0.0,0.0,0.0,relative_loss<=0.0001,1,52.5,5
headroom_challenge_step_size_fixed_b8_fed9aebd.jsonl,configuration selection,control,8,150.0,quad_ill_conditioned_d100_k1e+03,1e+03,,3,onestep_wide,,8105.3603515625,2.6215759135084227e-05,19.54943072790052,0,144.0,3029.4,10,cost_budget,0.0,0.0,0.0,relative_loss<=0.0001,1,52.5,5
headroom_challenge_step_size_fixed_b8_fed9aebd.jsonl,configuration selection,control,8,150.0,quad_ill_conditioned_d100_k1e+03,1e+03,,3,open_loop[0],,8105.3603515625,0.02190692350268364,12.82123344403085,0,145.9,0.0,13,cost_budget,0.0,0.0,0.0,relative_loss<=0.0001,1,73.8,6
headroom_challenge_step_size_fixed_b8_fed9aebd.jsonl,configuration selection,control,8,150.0,quad_ill_conditioned_d100_k1e+03,1e+03,,3,open_loop[1],,8105.3603515625,0.0845905989408493,11.470213035759242,0,143.7,0.0,19,cost_budget,0.0,0.0,0.0,relative_loss<=0.0001,1,56.099999999999994,7
headroom_challenge_step_size_fixed_b8_fed9aebd.jsonl,configuration selection,control,8,150.0,quad_ill_conditioned_d100_k1e+03,1e+03,,3,open_loop[2],,8105.3603515625,0.06312171369791031,11.762971346556888,0,149.8,0.0,16,cost_budget,0.0,0.0,0.0,relative_loss<=0.0001,1,73.8,6
headroom_challenge_step_size_fixed_b8_fed9aebd.jsonl,configuration selection,control,8,150.0,quad_ill_conditioned_d100_k1e+03,1e+03,,3,open_loop[3],,8105.3603515625,6.051693916320801,7.199942674561306,0,149.6,0.0,32,cost_budget,0.0,0.0,0.0,relative_loss<=0.0001,0,,
headroom_challenge_step_size_fixed_b8_fed9aebd.jsonl,configuration selection,control,8,150.0,quad_ill_conditioned_d100_k1e+03,1e+03,,3,open_loop[4],best_open_loop,8105.3603515625,0.004666451830416918,14.367637169017897,0,144.5,0.0,15,cost_budget,0.0,0.0,0.0,relative_loss<=0.0001,1,44.6,2
headroom_challenge_step_size_fixed_b8_fed9aebd.jsonl,configuration selection,control,8,150.0,quad_ill_conditioned_d100_k1e+03,1e+03,,3,open_loop[5],,8105.3603515625,12.5781831741333,6.468317074511512,0,148.40000000000003,0.0,28,cost_budget,0.0,0.0,0.0,relative_loss<=0.0001,0,,
headroom_challenge_step_size_fixed_b8_fed9aebd.jsonl,configuration selection,control,8,150.0,quad_ill_conditioned_d100_k1e+03,1e+03,,3,shrinking_Q2_narrow,,8105.3603515625,1.0665815352695063e-05,20.44874765128651,0,148.3,58910.0,11,cost_budget,0.0,0.0,0.0,relative_loss<=0.0001,1,54.2,4
headroom_challenge_step_size_fixed_b8_fed9aebd.jsonl,configuration selection,control,8,150.0,quad_ill_conditioned_d100_k1e+03,1e+03,,3,shrinking_Q2_wide,,8105.3603515625,4.382301995065063e-05,19.03563220257964,0,143.3,133261.6,11,cost_budget,0.0,0.0,0.0,relative_loss<=0.0001,1,54.2,4
headroom_challenge_step_size_fixed_b8_fed9aebd.jsonl,configuration selection,control,8,150.0,quad_ill_conditioned_d100_k1e+03,1e+03,,3,shrinking_Q4@easy,,8105.3603515625,2.3948774337768555,8.126948839906674,0,144.79999999999998,3888.0,26,cost_budget,0.0,0.0,0.0,relative_loss<=0.01,1,12.3,1
headroom_challenge_step_size_fixed_b8_fed9aebd.jsonl,configuration selection,control,8,150.0,quad_ill_conditioned_d100_k1e+03,1e+03,,3,shrinking_Q4@hard,,8105.3603515625,0.0015154255088418722,15.492339909117636,0,148.10000000000002,72713.7,17,cost_budget,0.0,0.0,0.0,relative_loss<=1e-06,1,84.5,5
headroom_challenge_step_size_fixed_b8_fed9aebd.jsonl,configuration selection,control,8,150.0,quad_ill_conditioned_d100_k1e+03,1e+03,,3,shrinking_Q4@medium,,8105.3603515625,0.08584518730640411,11.455490646125352,0,145.3,27885.3,21,cost_budget,0.0,0.0,0.0,relative_loss<=0.0001,1,44.6,2
headroom_challenge_step_size_fixed_b8_fed9aebd.jsonl,configuration selection,control,8,150.0,quad_ill_conditioned_d100_k1e+03,1e+03,,3,shrinking_Q4_narrow,,8105.3603515625,1.2855998647864908e-05,20.26198092828845,0,144.0,193107.4,10,cost_budget,0.0,0.0,0.0,relative_loss<=0.0001,1,44.6,2
headroom_challenge_step_size_fixed_b8_fed9aebd.jsonl,configuration selection,control,8,150.0,quad_ill_conditioned_d100_k1e+03,1e+03,,3,shrinking_Q4_wide,,8105.3603515625,1.9429471649345942e-05,19.84900038104813,0,144.29999999999998,527870.9,11,cost_budget,0.0,0.0,0.0,relative_loss<=0.0001,1,46.900000000000006,3
headroom_challenge_step_size_fixed_b8_fed9aebd.jsonl,configuration selection,control,8,150.0,quad_ill_conditioned_d100_k1e+03,1e+03,,3,static[0],,8105.3603515625,2.7142603397369385,8.001761412034512,0,148.4,0.0,28,cost_budget,0.0,0.0,0.0,relative_loss<=0.0001,0,,
headroom_challenge_step_size_fixed_b8_fed9aebd.jsonl,configuration selection,control,8,150.0,quad_ill_conditioned_d100_k1e+03,1e+03,,3,static[10],,8105.3603515625,0.5051228404045105,9.683234524545062,0,147.60000000000002,0.0,21,cost_budget,0.045454545454545456,0.0,0.0,relative_loss<=0.0001,1,73.8,6
headroom_challenge_step_size_fixed_b8_fed9aebd.jsonl,configuration selection,control,8,150.0,quad_ill_conditioned_d100_k1e+03,1e+03,,3,static[2],,8105.3603515625,0.016416680067777634,13.109738277305127,0,147.6,0.0,12,cost_budget,0.0,0.0,0.0,relative_loss<=0.0001,1,73.8,6
headroom_challenge_step_size_fixed_b8_fed9aebd.jsonl,configuration selection,control,8,150.0,quad_ill_conditioned_d100_k1e+03,1e+03,,3,static[4],,8105.3603515625,2.7142233848571777,8.00177502721018,0,148.4,0.0,28,cost_budget,0.0,0.0,0.0,relative_loss<=0.0001,0,,
headroom_challenge_step_size_fixed_b8_fed9aebd.jsonl,configuration selection,control,8,150.0,quad_ill_conditioned_d100_k1e+03,1e+03,,3,static[6],best_static,8105.3603515625,0.01641993224620819,13.109540194847039,0,147.6,0.0,12,cost_budget,0.0,0.0,0.0,relative_loss<=0.0001,1,73.8,6
headroom_challenge_step_size_fixed_b8_fed9aebd.jsonl,configuration selection,control,8,150.0,quad_ill_conditioned_d100_k1e+03,1e+03,,3,static[8],,8105.3603515625,19.497417449951172,6.02999887524906,0,148.79999999999993,0.0,37,cost_budget,0.2631578947368421,0.0,0.0,relative_loss<=0.0001,0,,
headroom_challenge_step_size_fixed_b8_fed9aebd.jsonl,configuration selection,control,8,150.0,quad_ill_conditioned_d100_k1e+03,1e+03,,4,best_static@easy,,5409.81396484375,0.008050994947552681,13.417929583194288,0,147.6,0.0,12,cost_budget,0.0,0.0,0.0,relative_loss<=0.01,1,24.6,2
headroom_challenge_step_size_fixed_b8_fed9aebd.jsonl,configuration selection,control,8,150.0,quad_ill_conditioned_d100_k1e+03,1e+03,,4,best_static@hard,,5409.81396484375,0.008050994947552681,13.417929583194288,0,147.6,0.0,12,cost_budget,0.0,0.0,0.0,relative_loss<=1e-06,1,159.9,13
headroom_challenge_step_size_fixed_b8_fed9aebd.jsonl,configuration selection,control,8,150.0,quad_ill_conditioned_d100_k1e+03,1e+03,,4,best_static@medium,,5409.81396484375,0.008050994947552681,13.417929583194288,0,147.6,0.0,12,cost_budget,0.0,0.0,0.0,relative_loss<=0.0001,1,61.5,5
headroom_challenge_step_size_fixed_b8_fed9aebd.jsonl,configuration selection,control,8,150.0,quad_ill_conditioned_d100_k1e+03,1e+03,,4,committed_Q2_narrow,,5409.81396484375,6.370720802806318e-05,18.25718282990578,0,138.0,31104.0,10,cost_budget,0.0,0.0,0.0,relative_loss<=0.0001,1,71.5,5
headroom_challenge_step_size_fixed_b8_fed9aebd.jsonl,configuration selection,control,8,150.0,quad_ill_conditioned_d100_k1e+03,1e+03,,4,committed_Q2_wide,,5409.81396484375,2.5710683985380456e-05,19.16457391714946,0,145.3,74692.8,11,cost_budget,0.0,0.0,0.0,relative_loss<=0.0001,1,71.5,5
headroom_challenge_step_size_fixed_b8_fed9aebd.jsonl,configuration selection,control,8,150.0,quad_ill_conditioned_d100_k1e+03,1e+03,,4,committed_Q4_narrow,,5409.81396484375,4.24771751568187e-05,18.662513665407893,0,136.7,76593.6,9,cost_budget,0.0,0.0,0.0,relative_loss<=0.0001,1,44.6,2
headroom_challenge_step_size_fixed_b8_fed9aebd.jsonl,configuration selection,control,8,150.0,quad_ill_conditioned_d100_k1e+03,1e+03,,4,committed_Q4_wide,,5409.81396484375,2.680477155081462e-05,19.12290062732893,0,133.4,171763.2,8,cost_budget,0.0,0.0,0.0,relative_loss<=0.0001,1,44.6,2
headroom_challenge_step_size_fixed_b8_fed9aebd.jsonl,configuration selection,control,8,150.0,quad_ill_conditioned_d100_k1e+03,1e+03,,4,heuristic,,5409.81396484375,0.008051113225519657,13.417914892202809,0,147.6,0.0,12,cost_budget,0.0,0.0,0.0,relative_loss<=0.0001,1,61.5,5
headroom_challenge_step_size_fixed_b8_fed9aebd.jsonl,configuration selection,control,8,150.0,quad_ill_conditioned_d100_k1e+03,1e+03,,4,onestep_absolute,,5409.81396484375,1.481343679188285e-05,19.715945881709384,0,143.70000000000002,9380.0,9,cost_budget,0.0,0.0,0.0,relative_loss<=0.0001,1,62.2,4
headroom_challenge_step_size_fixed_b8_fed9aebd.jsonl,configuration selection,control,8,150.0,quad_ill_conditioned_d100_k1e+03,1e+03,,4,onestep_narrow,,5409.81396484375,1.5006975445430726e-05,19.70296541923403,0,143.70000000000002,1186.0,9,cost_budget,0.0,0.0,0.0,relative_loss<=0.0001,1,62.2,4
headroom_challenge_step_size_fixed_b8_fed9aebd.jsonl,configuration selection,control,8,150.0,quad_ill_conditioned_d100_k1e+03,1e+03,,4,onestep_wide,,5409.81396484375,1.9492015780997463e-05,19.44147560734382,0,143.70000000000002,2754.0,9,cost_budget,0.0,0.0,0.0,relative_loss<=0.0001,1,62.2,4
headroom_challenge_step_size_fixed_b8_fed9aebd.jsonl,configuration selection,control,8,150.0,quad_ill_conditioned_d100_k1e+03,1e+03,,4,open_loop[0],,5409.81396484375,0.01079590804874897,13.124558084996426,0,145.9,0.0,13,cost_budget,0.0,0.0,0.0,relative_loss<=0.0001,1,61.5,5
headroom_challenge_step_size_fixed_b8_fed9aebd.jsonl,configuration selection,control,8,150.0,quad_ill_conditioned_d100_k1e+03,1e+03,,4,open_loop[1],,5409.81396484375,0.06580191105604172,11.317076381642277,0,143.7,0.0,19,cost_budget,0.0,0.0,0.0,relative_loss<=0.0001,1,63.39999999999999,8
headroom_challenge_step_size_fixed_b8_fed9aebd.jsonl,configuration selection,control,8,150.0,quad_ill_conditioned_d100_k1e+03,1e+03,,4,open_loop[2],,5409.81396484375,0.033514030277729034,11.991761097543309,0,149.8,0.0,16,cost_budget,0.0,0.0,0.0,relative_loss<=0.0001,1,61.5,5
headroom_challenge_step_size_fixed_b8_fed9aebd.jsonl,configuration selection,control,8,150.0,quad_ill_conditioned_d100_k1e+03,1e+03,,4,open_loop[3],,5409.81396484375,5.326833724975586,6.923212970160109,0,148.9,0.0,32,cost_budget,0.030303030303030304,0.0,0.0,relative_loss<=0.0001,0,,
headroom_challenge_step_size_fixed_b8_fed9aebd.jsonl,configuration selection,control,8,150.0,quad_ill_conditioned_d100_k1e+03,1e+03,,4,open_loop[4],best_open_loop,5409.81396484375,0.0027962983585894108,14.47542873519751,0,144.5,0.0,15,cost_budget,0.0,0.0,0.0,relative_loss<=0.0001,1,44.6,2
headroom_challenge_step_size_fixed_b8_fed9aebd.jsonl,configuration selection,control,8,150.0,quad_ill_conditioned_d100_k1e+03,1e+03,,4,open_loop[5],,5409.81396484375,15.96142578125,5.8257950612782015,0,148.40000000000003,0.0,28,cost_budget,0.0,0.0,0.0,relative_loss<=0.0001,0,,
headroom_challenge_step_size_fixed_b8_fed9aebd.jsonl,configuration selection,control,8,150.0,quad_ill_conditioned_d100_k1e+03,1e+03,,4,shrinking_Q2_narrow,,5409.81396484375,3.867646591970697e-05,18.75624924265032,0,145.3,52683.6,11,cost_budget,0.0,0.0,0.0,relative_loss<=0.0001,1,54.2,4
headroom_challenge_step_size_fixed_b8_fed9aebd.jsonl,configuration selection,control,8,150.0,quad_ill_conditioned_d100_k1e+03,1e+03,,4,shrinking_Q2_wide,,5409.81396484375,3.658380592241883e-05,18.811874860582414,0,145.3,123574.8,11,cost_budget,0.0,0.0,0.0,relative_loss<=0.0001,1,54.2,4
headroom_challenge_step_size_fixed_b8_fed9aebd.jsonl,configuration selection,control,8,150.0,quad_ill_conditioned_d100_k1e+03,1e+03,,4,shrinking_Q4@easy,,5409.81396484375,1.4229176044464111,8.243260569251333,0,144.79999999999998,5584.1,26,cost_budget,0.0,0.0,0.0,relative_loss<=0.01,1,17.6,2
headroom_challenge_step_size_fixed_b8_fed9aebd.jsonl,configuration selection,control,8,150.0,quad_ill_conditioned_d100_k1e+03,1e+03,,4,shrinking_Q4@hard,,5409.81396484375,0.0010058198822662234,15.497922250782274,0,148.10000000000002,75965.0,17,cost_budget,0.0,0.0,0.0,relative_loss<=1e-06,1,84.5,5
headroom_challenge_step_size_fixed_b8_fed9aebd.jsonl,configuration selection,control,8,150.0,quad_ill_conditioned_d100_k1e+03,1e+03,,4,shrinking_Q4@medium,,5409.81396484375,0.07239671051502228,11.221564399472593,0,145.3,31773.3,21,cost_budget,0.0,0.0,0.0,relative_loss<=0.0001,1,44.6,2
headroom_challenge_step_size_fixed_b8_fed9aebd.jsonl,configuration selection,control,8,150.0,quad_ill_conditioned_d100_k1e+03,1e+03,,4,shrinking_Q4_narrow,,5409.81396484375,1.112841346184723e-05,20.001978932917403,0,146.0,176888.7,10,cost_budget,0.0,0.0,0.0,relative_loss<=0.0001,1,44.6,2
headroom_challenge_step_size_fixed_b8_fed9aebd.jsonl,configuration selection,control,8,150.0,quad_ill_conditioned_d100_k1e+03,1e+03,,4,shrinking_Q4_wide,,5409.81396484375,1.0145700798602775e-05,20.094430492820834,0,143.7,392238.1,9,cost_budget,0.0,0.0,0.0,relative_loss<=0.0001,1,44.6,2
headroom_challenge_step_size_fixed_b8_fed9aebd.jsonl,configuration selection,control,8,150.0,quad_ill_conditioned_d100_k1e+03,1e+03,,4,static[0],,5409.81396484375,2.113267183303833,7.847734805959208,0,148.4,0.0,28,cost_budget,0.0,0.0,0.0,relative_loss<=0.0001,0,,
headroom_challenge_step_size_fixed_b8_fed9aebd.jsonl,configuration selection,control,8,150.0,quad_ill_conditioned_d100_k1e+03,1e+03,,4,static[10],,5409.81396484375,0.2891317307949066,9.836842862797432,0,149.49999999999997,0.0,21,cost_budget,0.18181818181818182,0.0,0.0,relative_loss<=0.0001,1,73.8,6
headroom_challenge_step_size_fixed_b8_fed9aebd.jsonl,configuration selection,control,8,150.0,quad_ill_conditioned_d100_k1e+03,1e+03,,4,static[2],,5409.81396484375,0.008048025891184807,13.418298432508948,0,147.6,0.0,12,cost_budget,0.0,0.0,0.0,relative_loss<=0.0001,1,61.5,5
headroom_challenge_step_size_fixed_b8_fed9aebd.jsonl,configuration selection,control,8,150.0,quad_ill_conditioned_d100_k1e+03,1e+03,,4,static[4],,5409.81396484375,2.1132349967956543,7.847750036760853,0,148.4,0.0,28,cost_budget,0.0,0.0,0.0,relative_loss<=0.0001,0,,
headroom_challenge_step_size_fixed_b8_fed9aebd.jsonl,configuration selection,control,8,150.0,quad_ill_conditioned_d100_k1e+03,1e+03,,4,static[6],best_static,5409.81396484375,0.008050994947552681,13.417929583194288,0,147.6,0.0,12,cost_budget,0.0,0.0,0.0,relative_loss<=0.0001,1,61.5,5
headroom_challenge_step_size_fixed_b8_fed9aebd.jsonl,configuration selection,control,8,150.0,quad_ill_conditioned_d100_k1e+03,1e+03,,4,static[8],,5409.81396484375,29.22428321838379,5.220970003234256,0,148.79999999999995,0.0,37,cost_budget,0.2631578947368421,0.0,0.0,relative_loss<=0.0001,0,,
headroom_challenge_step_size_fixed_b8_fed9aebd.jsonl,configuration selection,control,8,150.0,quad_ill_conditioned_d100_k1e+04,1e+04,,2,best_static@easy,,38955.01953125,7.272287845611572,8.586091975322963,0,147.6,0.0,12,cost_budget,0.0,0.0,0.0,relative_loss<=0.01,1,12.3,1
headroom_challenge_step_size_fixed_b8_fed9aebd.jsonl,configuration selection,control,8,150.0,quad_ill_conditioned_d100_k1e+04,1e+04,,2,best_static@hard,,38955.01953125,7.272287845611572,8.586091975322963,0,147.6,0.0,12,cost_budget,0.0,0.0,0.0,relative_loss<=1e-06,0,,
headroom_challenge_step_size_fixed_b8_fed9aebd.jsonl,configuration selection,control,8,150.0,quad_ill_conditioned_d100_k1e+04,1e+04,,2,best_static@medium,,38955.01953125,7.272287845611572,8.586091975322963,0,147.6,0.0,12,cost_budget,0.0,0.0,0.0,relative_loss<=0.0001,0,,
headroom_challenge_step_size_fixed_b8_fed9aebd.jsonl,configuration selection,control,8,150.0,quad_ill_conditioned_d100_k1e+04,1e+04,,2,committed_Q2_narrow,,38955.01953125,1.508650541305542,10.158947344143575,0,138.0,29808.0,10,cost_budget,0.0,0.0,0.0,relative_loss<=0.0001,1,118.39999999999999,8
headroom_challenge_step_size_fixed_b8_fed9aebd.jsonl,configuration selection,control,8,150.0,quad_ill_conditioned_d100_k1e+04,1e+04,,2,committed_Q2_wide,,38955.01953125,1.430572271347046,10.212088360174198,0,138.0,70448.2,10,cost_budget,0.0,0.0,0.0,relative_loss<=0.0001,1,118.39999999999999,8
headroom_challenge_step_size_fixed_b8_fed9aebd.jsonl,configuration selection,control,8,150.0,quad_ill_conditioned_d100_k1e+04,1e+04,,2,committed_Q4_narrow,,38955.01953125,0.66751629114151,10.97435439694568,0,144.0,65707.2,10,cost_budget,0.0,0.0,0.0,relative_loss<=0.0001,1,131.7,9
headroom_challenge_step_size_fixed_b8_fed9aebd.jsonl,configuration selection,control,8,150.0,quad_ill_conditioned_d100_k1e+04,1e+04,,2,committed_Q4_wide,,38955.01953125,0.7695833444595337,10.832068935823994,0,141.0,160568.4,10,cost_budget,0.0,0.0,0.0,relative_loss<=0.0001,1,101.1,7
headroom_challenge_step_size_fixed_b8_fed9aebd.jsonl,configuration selection,control,8,150.0,quad_ill_conditioned_d100_k1e+04,1e+04,,2,heuristic,,38955.01953125,7.27205228805542,8.58612436696865,0,147.6,0.0,12,cost_budget,0.0,0.0,0.0,relative_loss<=0.0001,0,,
headroom_challenge_step_size_fixed_b8_fed9aebd.jsonl,configuration selection,control,8,150.0,quad_ill_conditioned_d100_k1e+04,1e+04,,2,onestep_absolute,,38955.01953125,2.2474164962768555,9.760381581519338,0,136.4,9079.4,8,cost_budget,0.0,0.0,0.0,relative_loss<=0.0001,1,114.1,7
headroom_challenge_step_size_fixed_b8_fed9aebd.jsonl,configuration selection,control,8,150.0,quad_ill_conditioned_d100_k1e+04,1e+04,,2,onestep_narrow,,38955.01953125,2.289555311203003,9.741805302682863,0,136.4,1067.4,8,cost_budget,0.0,0.0,0.0,relative_loss<=0.0001,1,114.1,7
headroom_challenge_step_size_fixed_b8_fed9aebd.jsonl,configuration selection,control,8,150.0,quad_ill_conditioned_d100_k1e+04,1e+04,,2,onestep_wide,,38955.01953125,0.7467440366744995,10.862195721767824,0,148.7,2754.0,9,cost_budget,0.0,0.0,0.0,relative_loss<=0.0001,1,114.1,7
headroom_challenge_step_size_fixed_b8_fed9aebd.jsonl,configuration selection,control,8,150.0,quad_ill_conditioned_d100_k1e+04,1e+04,,2,open_loop[0],,38955.01953125,7.69536018371582,8.529545340448793,0,145.9,0.0,13,cost_budget,0.0,0.0,0.0,relative_loss<=0.0001,0,,
headroom_challenge_step_size_fixed_b8_fed9aebd.jsonl,configuration selection,control,8,150.0,quad_ill_conditioned_d100_k1e+04,1e+04,,2,open_loop[1],,38955.01953125,11.621431350708008,8.117311990383651,0,143.7,0.0,19,cost_budget,0.0,0.0,0.0,relative_loss<=0.0001,0,,
headroom_challenge_step_size_fixed_b8_fed9aebd.jsonl,configuration selection,control,8,150.0,quad_ill_conditioned_d100_k1e+04,1e+04,,2,open_loop[2],,38955.01953125,10.27440071105957,8.240507480421005,0,149.8,0.0,16,cost_budget,0.0,0.0,0.0,relative_loss<=0.0001,0,,
headroom_challenge_step_size_fixed_b8_fed9aebd.jsonl,configuration selection,control,8,150.0,quad_ill_conditioned_d100_k1e+04,1e+04,,2,open_loop[3],,38955.01953125,52.244834899902344,6.614221881776434,0,143.1,0.0,27,cost_budget,0.0,0.0,0.0,relative_loss<=0.0001,0,,
headroom_challenge_step_size_fixed_b8_fed9aebd.jsonl,configuration selection,control,8,150.0,quad_ill_conditioned_d100_k1e+04,1e+04,,2,open_loop[4],best_open_loop,38955.01953125,5.239256858825684,8.913983246703998,0,144.5,0.0,15,cost_budget,0.0,0.0,0.0,relative_loss<=0.0001,0,,
headroom_challenge_step_size_fixed_b8_fed9aebd.jsonl,configuration selection,control,8,150.0,quad_ill_conditioned_d100_k1e+04,1e+04,,2,open_loop[5],,38955.01953125,59.245059967041016,6.488480513689065,0,148.40000000000003,0.0,18,cost_budget,0.0,0.0,0.0,relative_loss<=0.0001,0,,
headroom_challenge_step_size_fixed_b8_fed9aebd.jsonl,configuration selection,control,8,150.0,quad_ill_conditioned_d100_k1e+04,1e+04,,2,shrinking_Q2_narrow,,38955.01953125,1.3213967084884644,10.291473624461537,0,145.3,53207.0,11,cost_budget,0.0,0.0,0.0,relative_loss<=0.0001,1,125.69999999999999,9
headroom_challenge_step_size_fixed_b8_fed9aebd.jsonl,configuration selection,control,8,150.0,quad_ill_conditioned_d100_k1e+04,1e+04,,2,shrinking_Q2_wide,,38955.01953125,1.2397785186767578,10.355230164451417,0,145.3,126602.8,11,cost_budget,0.0,0.0,0.0,relative_loss<=0.0001,1,103.39999999999999,8
headroom_challenge_step_size_fixed_b8_fed9aebd.jsonl,configuration selection,control,8,150.0,quad_ill_conditioned_d100_k1e+04,1e+04,,2,shrinking_Q4@easy,,38955.01953125,39.74273681640625,6.887735811339757,0,144.79999999999998,4406.4,26,cost_budget,0.0,0.0,0.0,relative_loss<=0.01,1,12.3,1
headroom_challenge_step_size_fixed_b8_fed9aebd.jsonl,configuration selection,control,8,150.0,quad_ill_conditioned_d100_k1e+04,1e+04,,2,shrinking_Q4@hard,,38955.01953125,0.6116514205932617,11.061755647077458,0,144.0,194679.9,10,cost_budget,0.0,0.0,0.0,relative_loss<=1e-06,0,,
headroom_challenge_step_size_fixed_b8_fed9aebd.jsonl,configuration selection,control,8,150.0,quad_ill_conditioned_d100_k1e+04,1e+04,,2,shrinking_Q4@medium,,38955.01953125,3.4269485473632812,9.338492685265281,0,144.8,122979.0,16,cost_budget,0.0,0.0,0.0,relative_loss<=0.0001,1,102.39999999999999,8
headroom_challenge_step_size_fixed_b8_fed9aebd.jsonl,configuration selection,control,8,150.0,quad_ill_conditioned_d100_k1e+04,1e+04,,2,shrinking_Q4_narrow,,38955.01953125,0.6116514205932617,11.061755647077458,0,144.0,194679.9,10,cost_budget,0.0,0.0,0.0,relative_loss<=0.0001,1,109.39999999999999,8
headroom_challenge_step_size_fixed_b8_fed9aebd.jsonl,configuration selection,control,8,150.0,quad_ill_conditioned_d100_k1e+04,1e+04,,2,shrinking_Q4_wide,,38955.01953125,2.4186599254608154,9.686949277161665,0,133.29999999999998,502402.9,11,cost_budget,0.0,0.0,0.0,relative_loss<=0.0001,1,101.39999999999999,8
headroom_challenge_step_size_fixed_b8_fed9aebd.jsonl,configuration selection,control,8,150.0,quad_ill_conditioned_d100_k1e+04,1e+04,,2,static[0],,38955.01953125,42.69029235839844,6.816191364993467,0,148.4,0.0,28,cost_budget,0.0,0.0,0.0,relative_loss<=0.0001,0,,
headroom_challenge_step_size_fixed_b8_fed9aebd.jsonl,configuration selection,control,8,150.0,quad_ill_conditioned_d100_k1e+04,1e+04,,2,static[10],,38955.01953125,12.810359001159668,8.01990877355767,0,149.80000000000004,0.0,16,cost_budget,0.0,0.0,0.0,relative_loss<=0.0001,0,,
headroom_challenge_step_size_fixed_b8_fed9aebd.jsonl,configuration selection,control,8,150.0,quad_ill_conditioned_d100_k1e+04,1e+04,,2,static[2],,38955.01953125,7.272167682647705,8.586108498865373,0,147.6,0.0,12,cost_budget,0.0,0.0,0.0,relative_loss<=0.0001,0,,
headroom_challenge_step_size_fixed_b8_fed9aebd.jsonl,configuration selection,control,8,150.0,quad_ill_conditioned_d100_k1e+04,1e+04,,2,static[4],,38955.01953125,42.690093994140625,6.816196011593613,0,148.4,0.0,28,cost_budget,0.0,0.0,0.0,relative_loss<=0.0001,0,,
headroom_challenge_step_size_fixed_b8_fed9aebd.jsonl,configuration selection,control,8,150.0,quad_ill_conditioned_d100_k1e+04,1e+04,,2,static[6],best_static,38955.01953125,7.272287845611572,8.586091975322963,0,147.6,0.0,12,cost_budget,0.0,0.0,0.0,relative_loss<=0.0001,0,,
headroom_challenge_step_size_fixed_b8_fed9aebd.jsonl,configuration selection,control,8,150.0,quad_ill_conditioned_d100_k1e+04,1e+04,,2,static[8],,38955.01953125,130.47531127929688,5.698978890878992,0,148.89999999999995,0.0,36,cost_budget,0.1891891891891892,0.0,0.0,relative_loss<=0.0001,0,,
headroom_challenge_step_size_fixed_b8_fed9aebd.jsonl,configuration selection,control,8,150.0,quad_ill_conditioned_d100_k1e+04,1e+04,,3,best_static@easy,,50803.88671875,10.299269676208496,8.50365515335221,0,147.6,0.0,12,cost_budget,0.0,0.0,0.0,relative_loss<=0.01,1,12.3,1
headroom_challenge_step_size_fixed_b8_fed9aebd.jsonl,configuration selection,control,8,150.0,quad_ill_conditioned_d100_k1e+04,1e+04,,3,best_static@hard,,50803.88671875,10.299269676208496,8.50365515335221,0,147.6,0.0,12,cost_budget,0.0,0.0,0.0,relative_loss<=1e-06,0,,
headroom_challenge_step_size_fixed_b8_fed9aebd.jsonl,configuration selection,control,8,150.0,quad_ill_conditioned_d100_k1e+04,1e+04,,3,best_static@medium,,50803.88671875,10.299269676208496,8.50365515335221,0,147.6,0.0,12,cost_budget,0.0,0.0,0.0,relative_loss<=0.0001,0,,
headroom_challenge_step_size_fixed_b8_fed9aebd.jsonl,configuration selection,control,8,150.0,quad_ill_conditioned_d100_k1e+04,1e+04,,3,committed_Q2_narrow,,50803.88671875,2.024136543273926,10.130584929609814,0,138.0,30844.8,10,cost_budget,0.0,0.0,0.0,relative_loss<=0.0001,1,118.39999999999999,8
headroom_challenge_step_size_fixed_b8_fed9aebd.jsonl,configuration selection,control,8,150.0,quad_ill_conditioned_d100_k1e+04,1e+04,,3,committed_Q2_wide,,50803.88671875,2.006793975830078,10.139189729106548,0,138.0,72873.4,10,cost_budget,0.0,0.0,0.0,relative_loss<=0.0001,1,118.39999999999999,8
headroom_challenge_step_size_fixed_b8_fed9aebd.jsonl,configuration selection,control,8,150.0,quad_ill_conditioned_d100_k1e+04,1e+04,,3,committed_Q4_narrow,,50803.88671875,1.199257731437683,10.65402533257813,0,141.0,66484.8,10,cost_budget,0.0,0.0,0.0,relative_loss<=0.0001,1,91.8,6
headroom_challenge_step_size_fixed_b8_fed9aebd.jsonl,configuration selection,control,8,150.0,quad_ill_conditioned_d100_k1e+04,1e+04,,3,committed_Q4_wide,,50803.88671875,1.2462412118911743,10.615596150224368,0,140.29999999999998,156945.6,11,cost_budget,0.0,0.0,0.0,relative_loss<=0.0001,1,95.1,7
headroom_challenge_step_size_fixed_b8_fed9aebd.jsonl,configuration selection,control,8,150.0,quad_ill_conditioned_d100_k1e+04,1e+04,,3,heuristic,,50803.88671875,10.299497604370117,8.503633023080187,0,147.6,0.0,12,cost_budget,0.0,0.0,0.0,relative_loss<=0.0001,0,,
headroom_challenge_step_size_fixed_b8_fed9aebd.jsonl,configuration selection,control,8,150.0,quad_ill_conditioned_d100_k1e+04,1e+04,,3,onestep_absolute,,50803.88671875,2.8675551414489746,9.782268341215811,0,143.7,10075.0,9,cost_budget,0.0,0.0,0.0,relative_loss<=0.0001,1,121.39999999999999,8
headroom_challenge_step_size_fixed_b8_fed9aebd.jsonl,configuration selection,control,8,150.0,quad_ill_conditioned_d100_k1e+04,1e+04,,3,onestep_narrow,,50803.88671875,1.4067585468292236,10.494439985953617,0,143.7,1186.0,9,cost_budget,0.0,0.0,0.0,relative_loss<=0.0001,1,121.39999999999999,8
headroom_challenge_step_size_fixed_b8_fed9aebd.jsonl,configuration selection,control,8,150.0,quad_ill_conditioned_d100_k1e+04,1e+04,,3,onestep_wide,,50803.88671875,1.3936400413513184,10.503809081835149,0,146.0,3029.4,10,cost_budget,0.0,0.0,0.0,relative_loss<=0.0001,1,133.7,9
headroom_challenge_step_size_fixed_b8_fed9aebd.jsonl,configuration selection,control,8,150.0,quad_ill_conditioned_d100_k1e+04,1e+04,,3,open_loop[0],,50803.88671875,10.93213939666748,8.444021121616679,0,145.9,0.0,13,cost_budget,0.0,0.0,0.0,relative_loss<=0.0001,0,,
headroom_challenge_step_size_fixed_b8_fed9aebd.jsonl,configuration selection,control,8,150.0,quad_ill_conditioned_d100_k1e+04,1e+04,,3,open_loop[1],,50803.88671875,16.317649841308594,8.043480806506937,0,143.7,0.0,19,cost_budget,0.0,0.0,0.0,relative_loss<=0.0001,0,,
headroom_challenge_step_size_fixed_b8_fed9aebd.jsonl,configuration selection,control,8,150.0,quad_ill_conditioned_d100_k1e+04,1e+04,,3,open_loop[2],,50803.88671875,14.389725685119629,8.169213683016435,0,149.8,0.0,16,cost_budget,0.0,0.0,0.0,relative_loss<=0.0001,0,,
headroom_challenge_step_size_fixed_b8_fed9aebd.jsonl,configuration selection,control,8,150.0,quad_ill_conditioned_d100_k1e+04,1e+04,,3,open_loop[3],,50803.88671875,64.05069732666016,6.67605322534453,0,144.1,0.0,27,cost_budget,0.0,0.0,0.0,relative_loss<=0.0001,0,,
headroom_challenge_step_size_fixed_b8_fed9aebd.jsonl,configuration selection,control,8,150.0,quad_ill_conditioned_d100_k1e+04,1e+04,,3,open_loop[4],best_open_loop,50803.88671875,6.866391658782959,8.909089404217816,0,144.5,0.0,15,cost_budget,0.0,0.0,0.0,relative_loss<=0.0001,0,,
headroom_challenge_step_size_fixed_b8_fed9aebd.jsonl,configuration selection,control,8,150.0,quad_ill_conditioned_d100_k1e+04,1e+04,,3,open_loop[5],,50803.88671875,70.70471954345703,6.577215815672543,0,147.40000000000003,0.0,18,cost_budget,0.0,0.0,0.0,relative_loss<=0.0001,0,,
headroom_challenge_step_size_fixed_b8_fed9aebd.jsonl,configuration selection,control,8,150.0,quad_ill_conditioned_d100_k1e+04,1e+04,,3,shrinking_Q2_narrow,,50803.88671875,1.625046730041504,10.350191568534584,0,145.3,55280.6,11,cost_budget,0.0,0.0,0.0,relative_loss<=0.0001,1,103.39999999999999,8
headroom_challenge_step_size_fixed_b8_fed9aebd.jsonl,configuration selection,control,8,150.0,quad_ill_conditioned_d100_k1e+04,1e+04,,3,shrinking_Q2_wide,,50803.88671875,1.0065679550170898,10.829181660870798,0,148.0,125348.9,10,cost_budget,0.0,0.0,0.0,relative_loss<=0.0001,1,98.8,6
headroom_challenge_step_size_fixed_b8_fed9aebd.jsonl,configuration selection,control,8,150.0,quad_ill_conditioned_d100_k1e+04,1e+04,,3,shrinking_Q4@easy,,50803.88671875,51.137908935546875,6.901202060843787,0,144.79999999999998,4147.2,26,cost_budget,0.0,0.0,0.0,relative_loss<=0.01,1,12.3,1
headroom_challenge_step_size_fixed_b8_fed9aebd.jsonl,configuration selection,control,8,150.0,quad_ill_conditioned_d100_k1e+04,1e+04,,3,shrinking_Q4@hard,,50803.88671875,2.2459404468536377,10.026603800089902,0,146.6,190726.4,12,cost_budget,0.0,0.0,0.0,relative_loss<=1e-06,0,,
headroom_challenge_step_size_fixed_b8_fed9aebd.jsonl,configuration selection,control,8,150.0,quad_ill_conditioned_d100_k1e+04,1e+04,,3,shrinking_Q4@medium,,50803.88671875,3.666182041168213,9.536577336046959,0,148.10000000000002,71676.9,17,cost_budget,0.0,0.0,0.0,relative_loss<=0.0001,1,89.8,6
headroom_challenge_step_size_fixed_b8_fed9aebd.jsonl,configuration selection,control,8,150.0,quad_ill_conditioned_d100_k1e+04,1e+04,,3,shrinking_Q4_narrow,,50803.88671875,2.2459404468536377,10.026603800089902,0,146.6,190726.4,12,cost_budget,0.0,0.0,0.0,relative_loss<=0.0001,1,91.8,6
headroom_challenge_step_size_fixed_b8_fed9aebd.jsonl,configuration selection,control,8,150.0,quad_ill_conditioned_d100_k1e+04,1e+04,,3,shrinking_Q4_wide,,50803.88671875,0.9654045104980469,10.870936224463494,0,146.0,409216.0,10,cost_budget,0.0,0.0,0.0,relative_loss<=0.0001,1,91.8,6
headroom_challenge_step_size_fixed_b8_fed9aebd.jsonl,configuration selection,control,8,150.0,quad_ill_conditioned_d100_k1e+04,1e+04,,3,static[0],,50803.88671875,53.48735046386719,6.856282954833512,0,148.4,0.0,28,cost_budget,0.0,0.0,0.0,relative_loss<=0.0001,0,,
headroom_challenge_step_size_fixed_b8_fed9aebd.jsonl,configuration selection,control,8,150.0,quad_ill_conditioned_d100_k1e+04,1e+04,,3,static[10],,50803.88671875,17.907501220703125,7.950508453177819,0,147.50000000000003,0.0,15,cost_budget,0.0,0.0,0.0,relative_loss<=0.0001,0,,
headroom_challenge_step_size_fixed_b8_fed9aebd.jsonl,configuration selection,control,8,150.0,quad_ill_conditioned_d100_k1e+04,1e+04,,3,static[2],,50803.88671875,10.298974990844727,8.5036837660198,0,147.6,0.0,12,cost_budget,0.0,0.0,0.0,relative_loss<=0.0001,0,,
headroom_challenge_step_size_fixed_b8_fed9aebd.jsonl,configuration selection,control,8,150.0,quad_ill_conditioned_d100_k1e+04,1e+04,,3,static[4],,50803.88671875,53.486793518066406,6.856293367551577,0,148.4,0.0,28,cost_budget,0.0,0.0,0.0,relative_loss<=0.0001,0,,
headroom_challenge_step_size_fixed_b8_fed9aebd.jsonl,configuration selection,control,8,150.0,quad_ill_conditioned_d100_k1e+04,1e+04,,3,static[6],best_static,50803.88671875,10.299269676208496,8.50365515335221,0,147.6,0.0,12,cost_budget,0.0,0.0,0.0,relative_loss<=0.0001,0,,
headroom_challenge_step_size_fixed_b8_fed9aebd.jsonl,configuration selection,control,8,150.0,quad_ill_conditioned_d100_k1e+04,1e+04,,3,static[8],,50803.88671875,135.05894470214844,5.930016830283694,0,149.49999999999991,0.0,36,cost_budget,0.24324324324324326,0.0,0.0,relative_loss<=0.0001,0,,
headroom_challenge_step_size_fixed_b8_fed9aebd.jsonl,configuration selection,control,8,150.0,quad_ill_conditioned_d100_k1e+04,1e+04,,4,best_static@easy,,60202.3984375,5.7939863204956055,9.248646933291019,0,147.6,0.0,12,cost_budget,0.0,0.0,0.0,relative_loss<=0.01,1,12.3,1
headroom_challenge_step_size_fixed_b8_fed9aebd.jsonl,configuration selection,control,8,150.0,quad_ill_conditioned_d100_k1e+04,1e+04,,4,best_static@hard,,60202.3984375,5.7939863204956055,9.248646933291019,0,147.6,0.0,12,cost_budget,0.0,0.0,0.0,relative_loss<=1e-06,0,,
headroom_challenge_step_size_fixed_b8_fed9aebd.jsonl,configuration selection,control,8,150.0,quad_ill_conditioned_d100_k1e+04,1e+04,,4,best_static@medium,,60202.3984375,5.7939863204956055,9.248646933291019,0,147.6,0.0,12,cost_budget,0.0,0.0,0.0,relative_loss<=0.0001,1,147.6,12
headroom_challenge_step_size_fixed_b8_fed9aebd.jsonl,configuration selection,control,8,150.0,quad_ill_conditioned_d100_k1e+04,1e+04,,4,committed_Q2_narrow,,60202.3984375,1.2573480606079102,10.776462682520464,0,133.0,31104.0,10,cost_budget,0.0,0.0,0.0,relative_loss<=0.0001,1,76.5,5
headroom_challenge_step_size_fixed_b8_fed9aebd.jsonl,configuration selection,control,8,150.0,quad_ill_conditioned_d100_k1e+04,1e+04,,4,committed_Q2_wide,,60202.3984375,1.0164810419082642,10.989120768106199,0,145.3,73476.2,11,cost_budget,0.0,0.0,0.0,relative_loss<=0.0001,1,76.5,5
headroom_challenge_step_size_fixed_b8_fed9aebd.jsonl,configuration selection,control,8,150.0,quad_ill_conditioned_d100_k1e+04,1e+04,,4,committed_Q4_narrow,,60202.3984375,0.5006725788116455,11.697270398508415,0,149.29999999999998,69206.4,11,cost_budget,0.0,0.0,0.0,relative_loss<=0.0001,1,79.2,4
headroom_challenge_step_size_fixed_b8_fed9aebd.jsonl,configuration selection,control,8,150.0,quad_ill_conditioned_d100_k1e+04,1e+04,,4,committed_Q4_wide,,60202.3984375,0.526688814163208,11.64661286196254,0,143.70000000000002,167529.6,9,cost_budget,0.0,0.0,0.0,relative_loss<=0.0001,1,79.2,4
headroom_challenge_step_size_fixed_b8_fed9aebd.jsonl,configuration selection,control,8,150.0,quad_ill_conditioned_d100_k1e+04,1e+04,,4,heuristic,,60202.3984375,5.792072296142578,9.24897733458343,0,147.6,0.0,12,cost_budget,0.0,0.0,0.0,relative_loss<=0.0001,1,147.6,12
headroom_challenge_step_size_fixed_b8_fed9aebd.jsonl,configuration selection,control,8,150.0,quad_ill_conditioned_d100_k1e+04,1e+04,,4,onestep_absolute,,60202.3984375,2.2112433910369873,10.211912493960877,0,129.4,9081.4,8,cost_budget,0.0,0.0,0.0,relative_loss<=0.0001,1,107.1,7
headroom_challenge_step_size_fixed_b8_fed9aebd.jsonl,configuration selection,control,8,150.0,quad_ill_conditioned_d100_k1e+04,1e+04,,4,onestep_narrow,,60202.3984375,0.9574884176254272,11.048909126133008,0,141.7,1186.0,9,cost_budget,0.0,0.0,0.0,relative_loss<=0.0001,1,97.1,7
headroom_challenge_step_size_fixed_b8_fed9aebd.jsonl,configuration selection,control,8,150.0,quad_ill_conditioned_d100_k1e+04,1e+04,,4,onestep_wide,,60202.3984375,2.2993602752685547,10.172836528598674,0,129.4,2478.6,8,cost_budget,0.0,0.0,0.0,relative_loss<=0.0001,1,107.1,7
headroom_challenge_step_size_fixed_b8_fed9aebd.jsonl,configuration selection,control,8,150.0,quad_ill_conditioned_d100_k1e+04,1e+04,,4,open_loop[0],,60202.3984375,6.229780197143555,9.176126420838175,0,145.9,0.0,13,cost_budget,0.0,0.0,0.0,relative_loss<=0.0001,0,,
headroom_challenge_step_size_fixed_b8_fed9aebd.jsonl,configuration selection,control,8,150.0,quad_ill_conditioned_d100_k1e+04,1e+04,,4,open_loop[1],,60202.3984375,10.063512802124023,8.696551182835304,0,143.7,0.0,19,cost_budget,0.0,0.0,0.0,relative_loss<=0.0001,0,,
headroom_challenge_step_size_fixed_b8_fed9aebd.jsonl,configuration selection,control,8,150.0,quad_ill_conditioned_d100_k1e+04,1e+04,,4,open_loop[2],,60202.3984375,8.745872497558594,8.836885597145283,0,149.8,0.0,16,cost_budget,0.0,0.0,0.0,relative_loss<=0.0001,0,,
headroom_challenge_step_size_fixed_b8_fed9aebd.jsonl,configuration selection,control,8,150.0,quad_ill_conditioned_d100_k1e+04,1e+04,,4,open_loop[3],,60202.3984375,77.68724822998047,6.652776343196837,0,143.1,0.0,27,cost_budget,0.0,0.0,0.0,relative_loss<=0.0001,0,,
headroom_challenge_step_size_fixed_b8_fed9aebd.jsonl,configuration selection,control,8,150.0,quad_ill_conditioned_d100_k1e+04,1e+04,,4,open_loop[4],best_open_loop,60202.3984375,3.6918423175811768,9.699341865143417,0,144.5,0.0,15,cost_budget,0.0,0.0,0.0,relative_loss<=0.0001,1,100.69999999999999,9
headroom_challenge_step_size_fixed_b8_fed9aebd.jsonl,configuration selection,control,8,150.0,quad_ill_conditioned_d100_k1e+04,1e+04,,4,open_loop[5],,60202.3984375,94.92710876464844,6.452358150725823,0,147.40000000000003,0.0,18,cost_budget,0.0,0.0,0.0,relative_loss<=0.0001,0,,
headroom_challenge_step_size_fixed_b8_fed9aebd.jsonl,configuration selection,control,8,150.0,quad_ill_conditioned_d100_k1e+04,1e+04,,4,shrinking_Q2_narrow,,60202.3984375,0.892650306224823,11.119027840829595,0,138.0,52408.1,10,cost_budget,0.0,0.0,0.0,relative_loss<=0.0001,1,83.8,6
headroom_challenge_step_size_fixed_b8_fed9aebd.jsonl,configuration selection,control,8,150.0,quad_ill_conditioned_d100_k1e+04,1e+04,,4,shrinking_Q2_wide,,60202.3984375,0.902469277381897,11.108088102694401,0,143.3,133261.6,11,cost_budget,0.0,0.0,0.0,relative_loss<=0.0001,1,83.8,6
headroom_challenge_step_size_fixed_b8_fed9aebd.jsonl,configuration selection,control,8,150.0,quad_ill_conditioned_d100_k1e+04,1e+04,,4,shrinking_Q4@easy,,60202.3984375,62.08709716796875,6.8769292793795245,0,144.79999999999998,4147.2,26,cost_budget,0.0,0.0,0.0,relative_loss<=0.01,1,12.3,1
headroom_challenge_step_size_fixed_b8_fed9aebd.jsonl,configuration selection,control,8,150.0,quad_ill_conditioned_d100_k1e+04,1e+04,,4,shrinking_Q4@hard,,60202.3984375,0.546694278717041,11.609333009917096,0,146.0,168348.1,10,cost_budget,0.0,0.0,0.0,relative_loss<=1e-06,0,,
headroom_challenge_step_size_fixed_b8_fed9aebd.jsonl,configuration selection,control,8,150.0,quad_ill_conditioned_d100_k1e+04,1e+04,,4,shrinking_Q4@medium,,60202.3984375,4.1705427169799805,9.57742129635873,0,148.4,65286.6,18,cost_budget,0.0,0.0,0.0,relative_loss<=0.0001,1,74.2,4
headroom_challenge_step_size_fixed_b8_fed9aebd.jsonl,configuration selection,control,8,150.0,quad_ill_conditioned_d100_k1e+04,1e+04,,4,shrinking_Q4_narrow,,60202.3984375,0.546694278717041,11.609333009917096,0,146.0,168348.1,10,cost_budget,0.0,0.0,0.0,relative_loss<=0.0001,1,84.5,5
headroom_challenge_step_size_fixed_b8_fed9aebd.jsonl,configuration selection,control,8,150.0,quad_ill_conditioned_d100_k1e+04,1e+04,,4,shrinking_Q4_wide,,60202.3984375,1.557935118675232,10.56210616905886,0,146.6,457031.4,12,cost_budget,0.0,0.0,0.0,relative_loss<=0.0001,1,84.5,5
headroom_challenge_step_size_fixed_b8_fed9aebd.jsonl,configuration selection,control,8,150.0,quad_ill_conditioned_d100_k1e+04,1e+04,,4,static[0],,60202.3984375,67.40747833251953,6.794711505406072,0,148.4,0.0,28,cost_budget,0.0,0.0,0.0,relative_loss<=0.0001,0,,
headroom_challenge_step_size_fixed_b8_fed9aebd.jsonl,configuration selection,control,8,150.0,quad_ill_conditioned_d100_k1e+04,1e+04,,4,static[10],,60202.3984375,11.934928894042969,8.525998169652375,0,149.80000000000004,0.0,16,cost_budget,0.0,0.0,0.0,relative_loss<=0.0001,0,,
headroom_challenge_step_size_fixed_b8_fed9aebd.jsonl,configuration selection,control,8,150.0,quad_ill_conditioned_d100_k1e+04,1e+04,,4,static[2],,60202.3984375,5.7895636558532715,9.249410544596063,0,147.6,0.0,12,cost_budget,0.0,0.0,0.0,relative_loss<=0.0001,1,147.6,12
headroom_challenge_step_size_fixed_b8_fed9aebd.jsonl,configuration selection,control,8,150.0,quad_ill_conditioned_d100_k1e+04,1e+04,,4,static[4],,60202.3984375,67.40740966796875,6.794712524055448,0,148.4,0.0,28,cost_budget,0.0,0.0,0.0,relative_loss<=0.0001,0,,
headroom_challenge_step_size_fixed_b8_fed9aebd.jsonl,configuration selection,control,8,150.0,quad_ill_conditioned_d100_k1e+04,1e+04,,4,static[6],best_static,60202.3984375,5.7939863204956055,9.248646933291019,0,147.6,0.0,12,cost_budget,0.0,0.0,0.0,relative_loss<=0.0001,1,147.6,12
headroom_challenge_step_size_fixed_b8_fed9aebd.jsonl,configuration selection,control,8,150.0,quad_ill_conditioned_d100_k1e+04,1e+04,,4,static[8],,60202.3984375,197.4819793701172,5.719820135175151,0,149.2,0.0,36,cost_budget,0.24324324324324326,0.0,0.0,relative_loss<=0.0001,0,,
headroom_challenge_step_size_fixed_b8_fed9aebd.jsonl,configuration selection,control,8,150.0,quad_ill_conditioned_d100_k1e+05,1e+05,,2,best_static@easy,,347484.25,100.27650451660156,8.15054320376999,0,147.6,0.0,12,cost_budget,0.0,0.0,0.0,relative_loss<=0.01,1,12.3,1
headroom_challenge_step_size_fixed_b8_fed9aebd.jsonl,configuration selection,control,8,150.0,quad_ill_conditioned_d100_k1e+05,1e+05,,2,best_static@hard,,347484.25,100.27650451660156,8.15054320376999,0,147.6,0.0,12,cost_budget,0.0,0.0,0.0,relative_loss<=1e-06,0,,
headroom_challenge_step_size_fixed_b8_fed9aebd.jsonl,configuration selection,control,8,150.0,quad_ill_conditioned_d100_k1e+05,1e+05,,2,best_static@medium,,347484.25,100.27650451660156,8.15054320376999,0,147.6,0.0,12,cost_budget,0.0,0.0,0.0,relative_loss<=0.0001,0,,
headroom_challenge_step_size_fixed_b8_fed9aebd.jsonl,configuration selection,control,8,150.0,quad_ill_conditioned_d100_k1e+05,1e+05,,2,committed_Q2_narrow,,347484.25,27.11199188232422,9.458498484326771,0,143.3,30974.4,11,cost_budget,0.0,0.0,0.0,relative_loss<=0.0001,1,125.69999999999999,9
headroom_challenge_step_size_fixed_b8_fed9aebd.jsonl,configuration selection,control,8,150.0,quad_ill_conditioned_d100_k1e+05,1e+05,,2,committed_Q2_wide,,347484.25,25.272180557250977,9.528770411187306,0,145.3,73482.2,11,cost_budget,0.0,0.0,0.0,relative_loss<=0.0001,1,125.69999999999999,9
headroom_challenge_step_size_fixed_b8_fed9aebd.jsonl,configuration selection,control,8,150.0,quad_ill_conditioned_d100_k1e+05,1e+05,,2,committed_Q4_narrow,,347484.25,23.438255310058594,9.60410508944496,0,146.3,69465.6,11,cost_budget,0.0,0.0,0.0,relative_loss<=0.0001,1,121.39999999999999,8
headroom_challenge_step_size_fixed_b8_fed9aebd.jsonl,configuration selection,control,8,150.0,quad_ill_conditioned_d100_k1e+05,1e+05,,2,committed_Q4_wide,,347484.25,21.587087631225586,9.686379278129955,0,143.70000000000002,159919.6,9,cost_budget,0.0,0.0,0.0,relative_loss<=0.0001,1,131.4,8
headroom_challenge_step_size_fixed_b8_fed9aebd.jsonl,configuration selection,control,8,150.0,quad_ill_conditioned_d100_k1e+05,1e+05,,2,heuristic,,347484.25,100.27764892578125,8.150531791299493,0,147.6,0.0,12,cost_budget,0.0,0.0,0.0,relative_loss<=0.0001,0,,
headroom_challenge_step_size_fixed_b8_fed9aebd.jsonl,configuration selection,control,8,150.0,quad_ill_conditioned_d100_k1e+05,1e+05,,2,onestep_absolute,,347484.25,28.825502395629883,9.397214124052367,0,138.7,10790.0,9,cost_budget,0.0,0.0,0.0,relative_loss<=0.0001,1,138.7,9
headroom_challenge_step_size_fixed_b8_fed9aebd.jsonl,configuration selection,control,8,150.0,quad_ill_conditioned_d100_k1e+05,1e+05,,2,onestep_narrow,,347484.25,29.17119026184082,9.38529303185762,0,138.7,1186.0,9,cost_budget,0.0,0.0,0.0,relative_loss<=0.0001,1,138.7,9
headroom_challenge_step_size_fixed_b8_fed9aebd.jsonl,configuration selection,control,8,150.0,quad_ill_conditioned_d100_k1e+05,1e+05,,2,onestep_wide,,347484.25,26.983699798583984,9.463241646685015,0,144.0,3029.4,10,cost_budget,0.0,0.0,0.0,relative_loss<=0.0001,1,138.7,9
headroom_challenge_step_size_fixed_b8_fed9aebd.jsonl,configuration selection,control,8,150.0,quad_ill_conditioned_d100_k1e+05,1e+05,,2,open_loop[0],,347484.25,105.32559204101562,8.101418190282285,0,145.9,0.0,13,cost_budget,0.0,0.0,0.0,relative_loss<=0.0001,0,,
headroom_challenge_step_size_fixed_b8_fed9aebd.jsonl,configuration selection,control,8,150.0,quad_ill_conditioned_d100_k1e+05,1e+05,,2,open_loop[1],,347484.25,164.66421508789062,7.65456627894006,0,143.7,0.0,19,cost_budget,0.0,0.0,0.0,relative_loss<=0.0001,0,,
headroom_challenge_step_size_fixed_b8_fed9aebd.jsonl,configuration selection,control,8,150.0,quad_ill_conditioned_d100_k1e+05,1e+05,,2,open_loop[2],,347484.25,137.6140899658203,7.834021300954485,0,149.8,0.0,16,cost_budget,0.0,0.0,0.0,relative_loss<=0.0001,0,,
headroom_challenge_step_size_fixed_b8_fed9aebd.jsonl,configuration selection,control,8,150.0,quad_ill_conditioned_d100_k1e+05,1e+05,,2,open_loop[3],,347484.25,373.3728332519531,6.835897145841129,0,146.29999999999998,0.0,21,cost_budget,0.0,0.0,0.0,relative_loss<=0.0001,0,,
headroom_challenge_step_size_fixed_b8_fed9aebd.jsonl,configuration selection,control,8,150.0,quad_ill_conditioned_d100_k1e+05,1e+05,,2,open_loop[4],best_open_loop,347484.25,65.85533905029297,8.571014115344457,0,144.5,0.0,15,cost_budget,0.0,0.0,0.0,relative_loss<=0.0001,0,,
headroom_challenge_step_size_fixed_b8_fed9aebd.jsonl,configuration selection,control,8,150.0,quad_ill_conditioned_d100_k1e+05,1e+05,,2,open_loop[5],,347484.25,129.3282470703125,7.896120895812913,0,147.50000000000003,0.0,15,cost_budget,0.0,0.0,0.0,relative_loss<=0.0001,0,,
headroom_challenge_step_size_fixed_b8_fed9aebd.jsonl,configuration selection,control,8,150.0,quad_ill_conditioned_d100_k1e+05,1e+05,,2,shrinking_Q2_narrow,,347484.25,27.783870697021484,9.434018957652643,0,143.3,56322.4,11,cost_budget,0.0,0.0,0.0,relative_loss<=0.0001,1,125.69999999999999,9
headroom_challenge_step_size_fixed_b8_fed9aebd.jsonl,configuration selection,control,8,150.0,quad_ill_conditioned_d100_k1e+05,1e+05,,2,shrinking_Q2_wide,,347484.25,28.8606014251709,9.395997226687227,0,138.0,125372.9,10,cost_budget,0.0,0.0,0.0,relative_loss<=0.0001,1,125.69999999999999,9
headroom_challenge_step_size_fixed_b8_fed9aebd.jsonl,configuration selection,control,8,150.0,quad_ill_conditioned_d100_k1e+05,1e+05,,2,shrinking_Q4@easy,,347484.25,408.6966552734375,6.745501412500438,0,144.79999999999998,4406.4,26,cost_budget,0.0,0.0,0.0,relative_loss<=0.01,1,12.3,1
headroom_challenge_step_size_fixed_b8_fed9aebd.jsonl,configuration selection,control,8,150.0,quad_ill_conditioned_d100_k1e+05,1e+05,,2,shrinking_Q4@hard,,347484.25,23.197805404663086,9.614416939647505,0,141.0,199618.7,10,cost_budget,0.0,0.0,0.0,relative_loss<=1e-06,0,,
headroom_challenge_step_size_fixed_b8_fed9aebd.jsonl,configuration selection,control,8,150.0,quad_ill_conditioned_d100_k1e+05,1e+05,,2,shrinking_Q4@medium,,347484.25,31.565561294555664,9.306407925375945,0,147.90000000000003,119707.1,13,cost_budget,0.0,0.0,0.0,relative_loss<=0.0001,1,121.39999999999999,8
headroom_challenge_step_size_fixed_b8_fed9aebd.jsonl,configuration selection,control,8,150.0,quad_ill_conditioned_d100_k1e+05,1e+05,,2,shrinking_Q4_narrow,,347484.25,23.197805404663086,9.614416939647505,0,141.0,199618.7,10,cost_budget,0.0,0.0,0.0,relative_loss<=0.0001,1,141.0,10
headroom_challenge_step_size_fixed_b8_fed9aebd.jsonl,configuration selection,control,8,150.0,quad_ill_conditioned_d100_k1e+05,1e+05,,2,shrinking_Q4_wide,,347484.25,22.83106803894043,9.630352377513802,0,143.0,455718.9,10,cost_budget,0.0,0.0,0.0,relative_loss<=0.0001,1,143.0,10
headroom_challenge_step_size_fixed_b8_fed9aebd.jsonl,configuration selection,control,8,150.0,quad_ill_conditioned_d100_k1e+05,1e+05,,2,static[0],,347484.25,440.08660888671875,6.671503073297744,0,148.4,0.0,28,cost_budget,0.0,0.0,0.0,relative_loss<=0.0001,0,,
headroom_challenge_step_size_fixed_b8_fed9aebd.jsonl,configuration selection,control,8,150.0,quad_ill_conditioned_d100_k1e+05,1e+05,,2,static[10],,347484.25,126.54959106445312,7.917840363647744,0,147.6,0.0,12,cost_budget,0.0,0.0,0.0,relative_loss<=0.0001,0,,
headroom_challenge_step_size_fixed_b8_fed9aebd.jsonl,configuration selection,control,8,150.0,quad_ill_conditioned_d100_k1e+05,1e+05,,2,static[2],,347484.25,100.27859497070312,8.150522357088883,0,147.6,0.0,12,cost_budget,0.0,0.0,0.0,relative_loss<=0.0001,0,,
headroom_challenge_step_size_fixed_b8_fed9aebd.jsonl,configuration selection,control,8,150.0,quad_ill_conditioned_d100_k1e+05,1e+05,,2,static[4],,347484.25,440.100830078125,6.671470759291027,0,148.4,0.0,28,cost_budget,0.0,0.0,0.0,relative_loss<=0.0001,0,,
headroom_challenge_step_size_fixed_b8_fed9aebd.jsonl,configuration selection,control,8,150.0,quad_ill_conditioned_d100_k1e+05,1e+05,,2,static[6],best_static,347484.25,100.27650451660156,8.15054320376999,0,147.6,0.0,12,cost_budget,0.0,0.0,0.0,relative_loss<=0.0001,0,,
headroom_challenge_step_size_fixed_b8_fed9aebd.jsonl,configuration selection,control,8,150.0,quad_ill_conditioned_d100_k1e+05,1e+05,,2,static[8],,347484.25,915.0960693359375,5.939445565645,0,148.1,0.0,35,cost_budget,0.05555555555555555,0.0,0.0,relative_loss<=0.0001,0,,
headroom_challenge_step_size_fixed_b8_fed9aebd.jsonl,configuration selection,control,8,150.0,quad_ill_conditioned_d100_k1e+05,1e+05,,3,best_static@easy,,470283.0625,75.35718536376953,8.738850772674656,0,147.6,0.0,12,cost_budget,0.0,0.0,0.0,relative_loss<=0.01,1,12.3,1
headroom_challenge_step_size_fixed_b8_fed9aebd.jsonl,configuration selection,control,8,150.0,quad_ill_conditioned_d100_k1e+05,1e+05,,3,best_static@hard,,470283.0625,75.35718536376953,8.738850772674656,0,147.6,0.0,12,cost_budget,0.0,0.0,0.0,relative_loss<=1e-06,0,,
headroom_challenge_step_size_fixed_b8_fed9aebd.jsonl,configuration selection,control,8,150.0,quad_ill_conditioned_d100_k1e+05,1e+05,,3,best_static@medium,,470283.0625,75.35718536376953,8.738850772674656,0,147.6,0.0,12,cost_budget,0.0,0.0,0.0,relative_loss<=0.0001,0,,
headroom_challenge_step_size_fixed_b8_fed9aebd.jsonl,configuration selection,control,8,150.0,quad_ill_conditioned_d100_k1e+05,1e+05,,3,committed_Q2_narrow,,470283.0625,24.66600227355957,9.855664183720767,0,141.3,31752.0,11,cost_budget,0.0,0.0,0.0,relative_loss<=0.0001,1,101.39999999999999,8
headroom_challenge_step_size_fixed_b8_fed9aebd.jsonl,configuration selection,control,8,150.0,quad_ill_conditioned_d100_k1e+05,1e+05,,3,committed_Q2_wide,,470283.0625,24.186363220214844,9.875301082000304,0,145.3,73783.6,11,cost_budget,0.0,0.0,0.0,relative_loss<=0.0001,1,103.39999999999999,8
headroom_challenge_step_size_fixed_b8_fed9aebd.jsonl,configuration selection,control,8,150.0,quad_ill_conditioned_d100_k1e+05,1e+05,,3,committed_Q4_narrow,,470283.0625,20.78133773803711,10.027034693210435,0,143.3,69206.4,11,cost_budget,0.0,0.0,0.0,relative_loss<=0.0001,1,101.39999999999999,8
headroom_challenge_step_size_fixed_b8_fed9aebd.jsonl,configuration selection,control,8,150.0,quad_ill_conditioned_d100_k1e+05,1e+05,,3,committed_Q4_wide,,470283.0625,22.361793518066406,9.953736196963458,0,146.6,168436.8,12,cost_budget,0.0,0.0,0.0,relative_loss<=0.0001,1,139.29999999999998,11
headroom_challenge_step_size_fixed_b8_fed9aebd.jsonl,configuration selection,control,8,150.0,quad_ill_conditioned_d100_k1e+05,1e+05,,3,heuristic,,470283.0625,75.30908203125,8.739489314200714,0,147.6,0.0,12,cost_budget,0.0,0.0,0.0,relative_loss<=0.0001,0,,
headroom_challenge_step_size_fixed_b8_fed9aebd.jsonl,configuration selection,control,8,150.0,quad_ill_conditioned_d100_k1e+05,1e+05,,3,onestep_absolute,,470283.0625,37.1373405456543,9.446467105879764,0,131.7,10781.0,9,cost_budget,0.0,0.0,0.0,relative_loss<=0.0001,1,119.39999999999999,8
headroom_challenge_step_size_fixed_b8_fed9aebd.jsonl,configuration selection,control,8,150.0,quad_ill_conditioned_d100_k1e+05,1e+05,,3,onestep_narrow,,470283.0625,34.16476058959961,9.529895332305694,0,141.7,1186.0,9,cost_budget,0.0,0.0,0.0,relative_loss<=0.0001,1,119.39999999999999,8
headroom_challenge_step_size_fixed_b8_fed9aebd.jsonl,configuration selection,control,8,150.0,quad_ill_conditioned_d100_k1e+05,1e+05,,3,onestep_wide,,470283.0625,22.184560775756836,9.961693466656516,0,144.0,3029.4,10,cost_budget,0.0,0.0,0.0,relative_loss<=0.0001,1,109.39999999999999,8
headroom_challenge_step_size_fixed_b8_fed9aebd.jsonl,configuration selection,control,8,150.0,quad_ill_conditioned_d100_k1e+05,1e+05,,3,open_loop[0],,470283.0625,78.991455078125,8.691750369989501,0,145.9,0.0,13,cost_budget,0.0,0.0,0.0,relative_loss<=0.0001,0,,
headroom_challenge_step_size_fixed_b8_fed9aebd.jsonl,configuration selection,control,8,150.0,quad_ill_conditioned_d100_k1e+05,1e+05,,3,open_loop[1],,470283.0625,122.72998046875,8.251103391568963,0,143.7,0.0,19,cost_budget,0.0,0.0,0.0,relative_loss<=0.0001,0,,
headroom_challenge_step_size_fixed_b8_fed9aebd.jsonl,configuration selection,control,8,150.0,quad_ill_conditioned_d100_k1e+05,1e+05,,3,open_loop[2],,470283.0625,100.68452453613281,8.449097944010145,0,149.8,0.0,16,cost_budget,0.0,0.0,0.0,relative_loss<=0.0001,0,,
headroom_challenge_step_size_fixed_b8_fed9aebd.jsonl,configuration selection,control,8,150.0,quad_ill_conditioned_d100_k1e+05,1e+05,,3,open_loop[3],,470283.0625,293.3446044921875,7.379742010567256,0,147.29999999999998,0.0,21,cost_budget,0.0,0.0,0.0,relative_loss<=0.0001,0,,
headroom_challenge_step_size_fixed_b8_fed9aebd.jsonl,configuration selection,control,8,150.0,quad_ill_conditioned_d100_k1e+05,1e+05,,3,open_loop[4],best_open_loop,470283.0625,54.87059020996094,9.056112545510663,0,144.5,0.0,15,cost_budget,0.0,0.0,0.0,relative_loss<=0.0001,0,,
headroom_challenge_step_size_fixed_b8_fed9aebd.jsonl,configuration selection,control,8,150.0,quad_ill_conditioned_d100_k1e+05,1e+05,,3,open_loop[5],,470283.0625,94.53748321533203,8.512093649401333,0,147.50000000000003,0.0,15,cost_budget,0.0,0.0,0.0,relative_loss<=0.0001,0,,
headroom_challenge_step_size_fixed_b8_fed9aebd.jsonl,configuration selection,control,8,150.0,quad_ill_conditioned_d100_k1e+05,1e+05,,3,shrinking_Q2_narrow,,470283.0625,26.14984130859375,9.797246931050886,0,145.3,54373.4,11,cost_budget,0.0,0.0,0.0,relative_loss<=0.0001,1,96.1,7
headroom_challenge_step_size_fixed_b8_fed9aebd.jsonl,configuration selection,control,8,150.0,quad_ill_conditioned_d100_k1e+05,1e+05,,3,shrinking_Q2_wide,,470283.0625,26.5150203704834,9.783378674186965,0,145.3,123240.4,11,cost_budget,0.0,0.0,0.0,relative_loss<=0.0001,1,96.1,7
headroom_challenge_step_size_fixed_b8_fed9aebd.jsonl,configuration selection,control,8,150.0,quad_ill_conditioned_d100_k1e+05,1e+05,,3,shrinking_Q4@easy,,470283.0625,338.77783203125,7.2357455232416426,0,144.79999999999998,4147.2,26,cost_budget,0.0,0.0,0.0,relative_loss<=0.01,1,12.3,1
headroom_challenge_step_size_fixed_b8_fed9aebd.jsonl,configuration selection,control,8,150.0,quad_ill_conditioned_d100_k1e+05,1e+05,,3,shrinking_Q4@hard,,470283.0625,36.13031005859375,9.473957926166593,0,134.6,231328.4,12,cost_budget,0.0,0.0,0.0,relative_loss<=1e-06,0,,
headroom_challenge_step_size_fixed_b8_fed9aebd.jsonl,configuration selection,control,8,150.0,quad_ill_conditioned_d100_k1e+05,1e+05,,3,shrinking_Q4@medium,,470283.0625,41.78459930419922,9.328562219096103,0,145.10000000000002,121550.7,17,cost_budget,0.0,0.0,0.0,relative_loss<=0.0001,1,97.39999999999999,8
headroom_challenge_step_size_fixed_b8_fed9aebd.jsonl,configuration selection,control,8,150.0,quad_ill_conditioned_d100_k1e+05,1e+05,,3,shrinking_Q4_narrow,,470283.0625,36.13031005859375,9.473957926166593,0,134.6,231328.4,12,cost_budget,0.0,0.0,0.0,relative_loss<=0.0001,1,102.69999999999999,9
headroom_challenge_step_size_fixed_b8_fed9aebd.jsonl,configuration selection,control,8,150.0,quad_ill_conditioned_d100_k1e+05,1e+05,,3,shrinking_Q4_wide,,470283.0625,21.887752532958984,9.975162817722147,0,143.70000000000002,387900.8,9,cost_budget,0.0,0.0,0.0,relative_loss<=0.0001,1,109.1,7
headroom_challenge_step_size_fixed_b8_fed9aebd.jsonl,configuration selection,control,8,150.0,quad_ill_conditioned_d100_k1e+05,1e+05,,3,static[0],,470283.0625,377.31842041015625,7.128000605605587,0,148.4,0.0,28,cost_budget,0.0,0.0,0.0,relative_loss<=0.0001,0,,
headroom_challenge_step_size_fixed_b8_fed9aebd.jsonl,configuration selection,control,8,150.0,quad_ill_conditioned_d100_k1e+05,1e+05,,3,static[10],,470283.0625,94.03443908691406,8.517428964601635,0,147.6,0.0,12,cost_budget,0.0,0.0,0.0,relative_loss<=0.0001,0,,
headroom_challenge_step_size_fixed_b8_fed9aebd.jsonl,configuration selection,control,8,150.0,quad_ill_conditioned_d100_k1e+05,1e+05,,3,static[2],,470283.0625,75.3364028930664,8.739126596896181,0,147.6,0.0,12,cost_budget,0.0,0.0,0.0,relative_loss<=0.0001,0,,
headroom_challenge_step_size_fixed_b8_fed9aebd.jsonl,configuration selection,control,8,150.0,quad_ill_conditioned_d100_k1e+05,1e+05,,3,static[4],,470283.0625,377.3255310058594,7.127981760703459,0,148.4,0.0,28,cost_budget,0.0,0.0,0.0,relative_loss<=0.0001,0,,
headroom_challenge_step_size_fixed_b8_fed9aebd.jsonl,configuration selection,control,8,150.0,quad_ill_conditioned_d100_k1e+05,1e+05,,3,static[6],best_static,470283.0625,75.35718536376953,8.738850772674656,0,147.6,0.0,12,cost_budget,0.0,0.0,0.0,relative_loss<=0.0001,0,,
headroom_challenge_step_size_fixed_b8_fed9aebd.jsonl,configuration selection,control,8,150.0,quad_ill_conditioned_d100_k1e+05,1e+05,,3,static[8],,470283.0625,913.45556640625,6.243855319447398,0,148.99999999999997,0.0,35,cost_budget,0.1388888888888889,0.0,0.0,relative_loss<=0.0001,0,,
headroom_challenge_step_size_fixed_b8_fed9aebd.jsonl,configuration selection,control,8,150.0,quad_ill_conditioned_d100_k1e+05,1e+05,,4,best_static@easy,,243511.90625,78.34476470947266,8.041801969323,0,147.6,0.0,12,cost_budget,0.0,0.0,0.0,relative_loss<=0.01,1,24.6,2
headroom_challenge_step_size_fixed_b8_fed9aebd.jsonl,configuration selection,control,8,150.0,quad_ill_conditioned_d100_k1e+05,1e+05,,4,best_static@hard,,243511.90625,78.34476470947266,8.041801969323,0,147.6,0.0,12,cost_budget,0.0,0.0,0.0,relative_loss<=1e-06,0,,
headroom_challenge_step_size_fixed_b8_fed9aebd.jsonl,configuration selection,control,8,150.0,quad_ill_conditioned_d100_k1e+05,1e+05,,4,best_static@medium,,243511.90625,78.34476470947266,8.041801969323,0,147.6,0.0,12,cost_budget,0.0,0.0,0.0,relative_loss<=0.0001,0,,
headroom_challenge_step_size_fixed_b8_fed9aebd.jsonl,configuration selection,control,8,150.0,quad_ill_conditioned_d100_k1e+05,1e+05,,4,committed_Q2_narrow,,243511.90625,32.8961067199707,8.909566802623328,0,145.3,30715.2,11,cost_budget,0.0,0.0,0.0,relative_loss<=0.0001,1,167.60000000000002,12
headroom_challenge_step_size_fixed_b8_fed9aebd.jsonl,configuration selection,control,8,150.0,quad_ill_conditioned_d100_k1e+05,1e+05,,4,committed_Q2_wide,,243511.90625,33.89822769165039,8.879558384075855,0,143.3,70758.6,11,cost_budget,0.0,0.0,0.0,relative_loss<=0.0001,0,,
headroom_challenge_step_size_fixed_b8_fed9aebd.jsonl,configuration selection,control,8,150.0,quad_ill_conditioned_d100_k1e+05,1e+05,,4,committed_Q4_narrow,,243511.90625,28.39719009399414,9.056630916693376,0,138.7,71150.4,9,cost_budget,0.0,0.0,0.0,relative_loss<=0.0001,1,161.0,10
headroom_challenge_step_size_fixed_b8_fed9aebd.jsonl,configuration selection,control,8,150.0,quad_ill_conditioned_d100_k1e+05,1e+05,,4,committed_Q4_wide,,243511.90625,26.492809295654297,9.12604776777627,0,144.0,155950.4,10,cost_budget,0.0,0.0,0.0,relative_loss<=0.0001,1,166.3,11
headroom_challenge_step_size_fixed_b8_fed9aebd.jsonl,configuration selection,control,8,150.0,quad_ill_conditioned_d100_k1e+05,1e+05,,4,heuristic,,243511.90625,78.3475341796875,8.041766620167557,0,147.6,0.0,12,cost_budget,0.0,0.0,0.0,relative_loss<=0.0001,0,,
headroom_challenge_step_size_fixed_b8_fed9aebd.jsonl,configuration selection,control,8,150.0,quad_ill_conditioned_d100_k1e+05,1e+05,,4,onestep_absolute,,243511.90625,37.121612548828125,8.788721768129474,0,138.7,10780.0,9,cost_budget,0.0,0.0,0.0,relative_loss<=0.0001,0,,
headroom_challenge_step_size_fixed_b8_fed9aebd.jsonl,configuration selection,control,8,150.0,quad_ill_conditioned_d100_k1e+05,1e+05,,4,onestep_narrow,,243511.90625,35.088111877441406,8.845058736461276,0,148.7,1186.0,9,cost_budget,0.0,0.0,0.0,relative_loss<=0.0001,0,,
headroom_challenge_step_size_fixed_b8_fed9aebd.jsonl,configuration selection,control,8,150.0,quad_ill_conditioned_d100_k1e+05,1e+05,,4,onestep_wide,,243511.90625,37.34617614746094,8.78269058919226,0,138.7,2754.0,9,cost_budget,0.0,0.0,0.0,relative_loss<=0.0001,0,,
headroom_challenge_step_size_fixed_b8_fed9aebd.jsonl,configuration selection,control,8,150.0,quad_ill_conditioned_d100_k1e+05,1e+05,,4,open_loop[0],,243511.90625,82.10131072998047,7.994967135239962,0,145.9,0.0,13,cost_budget,0.0,0.0,0.0,relative_loss<=0.0001,0,,
headroom_challenge_step_size_fixed_b8_fed9aebd.jsonl,configuration selection,control,8,150.0,quad_ill_conditioned_d100_k1e+05,1e+05,,4,open_loop[1],,243511.90625,103.32220458984375,7.765068811119651,0,143.7,0.0,19,cost_budget,0.0,0.0,0.0,relative_loss<=0.0001,0,,
headroom_challenge_step_size_fixed_b8_fed9aebd.jsonl,configuration selection,control,8,150.0,quad_ill_conditioned_d100_k1e+05,1e+05,,4,open_loop[2],,243511.90625,103.17152404785156,7.766528231410339,0,149.8,0.0,16,cost_budget,0.0,0.0,0.0,relative_loss<=0.0001,0,,
headroom_challenge_step_size_fixed_b8_fed9aebd.jsonl,configuration selection,control,8,150.0,quad_ill_conditioned_d100_k1e+05,1e+05,,4,open_loop[3],,243511.90625,331.86175537109375,6.598202633899806,0,146.29999999999998,0.0,21,cost_budget,0.0,0.0,0.0,relative_loss<=0.0001,0,,
headroom_challenge_step_size_fixed_b8_fed9aebd.jsonl,configuration selection,control,8,150.0,quad_ill_conditioned_d100_k1e+05,1e+05,,4,open_loop[4],best_open_loop,243511.90625,63.21299743652344,8.256411180963514,0,144.5,0.0,15,cost_budget,0.0,0.0,0.0,relative_loss<=0.0001,0,,
headroom_challenge_step_size_fixed_b8_fed9aebd.jsonl,configuration selection,control,8,150.0,quad_ill_conditioned_d100_k1e+05,1e+05,,4,open_loop[5],,243511.90625,92.03504943847656,7.88075163995837,0,147.50000000000003,0.0,15,cost_budget,0.0,0.0,0.0,relative_loss<=0.0001,0,,
headroom_challenge_step_size_fixed_b8_fed9aebd.jsonl,configuration selection,control,8,150.0,quad_ill_conditioned_d100_k1e+05,1e+05,,4,shrinking_Q2_narrow,,243511.90625,33.161251068115234,8.901539058827641,0,141.3,59826.6,11,cost_budget,0.0,0.0,0.0,relative_loss<=0.0001,0,,
headroom_challenge_step_size_fixed_b8_fed9aebd.jsonl,configuration selection,control,8,150.0,quad_ill_conditioned_d100_k1e+05,1e+05,,4,shrinking_Q2_wide,,243511.90625,32.750343322753906,8.914007671449461,0,138.7,116791.1,9,cost_budget,0.0,0.0,0.0,relative_loss<=0.0001,0,,
headroom_challenge_step_size_fixed_b8_fed9aebd.jsonl,configuration selection,control,8,150.0,quad_ill_conditioned_d100_k1e+05,1e+05,,4,shrinking_Q4@easy,,243511.90625,354.53924560546875,6.532102069842106,0,144.79999999999998,6102.5,26,cost_budget,0.0,0.0,0.0,relative_loss<=0.01,1,17.6,2
headroom_challenge_step_size_fixed_b8_fed9aebd.jsonl,configuration selection,control,8,150.0,quad_ill_conditioned_d100_k1e+05,1e+05,,4,shrinking_Q4@hard,,243511.90625,42.796112060546875,8.646473857858572,0,134.6,205523.6,12,cost_budget,0.0,0.0,0.0,relative_loss<=1e-06,0,,
headroom_challenge_step_size_fixed_b8_fed9aebd.jsonl,configuration selection,control,8,150.0,quad_ill_conditioned_d100_k1e+05,1e+05,,4,shrinking_Q4@medium,,243511.90625,42.796112060546875,8.646473857858572,0,134.6,185101.2,12,cost_budget,0.0,0.0,0.0,relative_loss<=0.0001,1,156.9,13
headroom_challenge_step_size_fixed_b8_fed9aebd.jsonl,configuration selection,control,8,150.0,quad_ill_conditioned_d100_k1e+05,1e+05,,4,shrinking_Q4_narrow,,243511.90625,42.796112060546875,8.646473857858572,0,134.6,205523.6,12,cost_budget,0.0,0.0,0.0,relative_loss<=0.0001,1,156.9,13
headroom_challenge_step_size_fixed_b8_fed9aebd.jsonl,configuration selection,control,8,150.0,quad_ill_conditioned_d100_k1e+05,1e+05,,4,shrinking_Q4_wide,,243511.90625,39.14213180541992,8.735721689970703,0,146.6,480726.4,12,cost_budget,0.0,0.0,0.0,relative_loss<=0.0001,1,168.9,13
headroom_challenge_step_size_fixed_b8_fed9aebd.jsonl,configuration selection,control,8,150.0,quad_ill_conditioned_d100_k1e+05,1e+05,,4,static[0],,243511.90625,404.7555847167969,6.399637726209306,0,148.4,0.0,28,cost_budget,0.0,0.0,0.0,relative_loss<=0.0001,0,,
headroom_challenge_step_size_fixed_b8_fed9aebd.jsonl,configuration selection,control,8,150.0,quad_ill_conditioned_d100_k1e+05,1e+05,,4,static[10],,243511.90625,94.95172882080078,7.849552471824071,0,147.6,0.0,12,cost_budget,0.0,0.0,0.0,relative_loss<=0.0001,0,,
headroom_challenge_step_size_fixed_b8_fed9aebd.jsonl,configuration selection,control,8,150.0,quad_ill_conditioned_d100_k1e+05,1e+05,,4,static[2],,243511.90625,78.33834838867188,8.041883871203524,0,147.6,0.0,12,cost_budget,0.0,0.0,0.0,relative_loss<=0.0001,0,,
headroom_challenge_step_size_fixed_b8_fed9aebd.jsonl,configuration selection,control,8,150.0,quad_ill_conditioned_d100_k1e+05,1e+05,,4,static[4],,243511.90625,404.748046875,6.3996563495767695,0,148.4,0.0,28,cost_budget,0.0,0.0,0.0,relative_loss<=0.0001,0,,
headroom_challenge_step_size_fixed_b8_fed9aebd.jsonl,configuration selection,control,8,150.0,quad_ill_conditioned_d100_k1e+05,1e+05,,4,static[6],best_static,243511.90625,78.34476470947266,8.041801969323,0,147.6,0.0,12,cost_budget,0.0,0.0,0.0,relative_loss<=0.0001,0,,
headroom_challenge_step_size_fixed_b8_fed9aebd.jsonl,configuration selection,control,8,150.0,quad_ill_conditioned_d100_k1e+05,1e+05,,4,static[8],,243511.90625,965.1163330078125,5.530672470200459,0,148.99999999999997,0.0,35,cost_budget,0.1388888888888889,0.0,0.0,relative_loss<=0.0001,0,,
headroom_challenge_step_size_fixed_b8_fed9aebd.jsonl,configuration selection,control,8,150.0,quad_ill_conditioned_d100_k1e+06,1e+06,,2,best_static@easy,,4681347.0,549.0411376953125,9.050923076242258,0,147.6,0.0,12,cost_budget,0.0,0.0,0.0,relative_loss<=0.01,1,12.3,1
headroom_challenge_step_size_fixed_b8_fed9aebd.jsonl,configuration selection,control,8,150.0,quad_ill_conditioned_d100_k1e+06,1e+06,,2,best_static@hard,,4681347.0,549.0411376953125,9.050923076242258,0,147.6,0.0,12,cost_budget,0.0,0.0,0.0,relative_loss<=1e-06,0,,
headroom_challenge_step_size_fixed_b8_fed9aebd.jsonl,configuration selection,control,8,150.0,quad_ill_conditioned_d100_k1e+06,1e+06,,2,best_static@medium,,4681347.0,549.0411376953125,9.050923076242258,0,147.6,0.0,12,cost_budget,0.0,0.0,0.0,relative_loss<=0.0001,0,,
headroom_challenge_step_size_fixed_b8_fed9aebd.jsonl,configuration selection,control,8,150.0,quad_ill_conditioned_d100_k1e+06,1e+06,,2,committed_Q2_narrow,,4681347.0,147.65069580078125,10.364247126314385,0,138.0,30715.2,10,cost_budget,0.0,0.0,0.0,relative_loss<=0.0001,1,83.8,6
headroom_challenge_step_size_fixed_b8_fed9aebd.jsonl,configuration selection,control,8,150.0,quad_ill_conditioned_d100_k1e+06,1e+06,,2,committed_Q2_wide,,4681347.0,163.27236938476562,10.26367666289703,0,145.3,71666.8,11,cost_budget,0.0,0.0,0.0,relative_loss<=0.0001,1,76.5,5
headroom_challenge_step_size_fixed_b8_fed9aebd.jsonl,configuration selection,control,8,150.0,quad_ill_conditioned_d100_k1e+06,1e+06,,2,committed_Q4_narrow,,4681347.0,131.7760009765625,10.477992928178171,0,146.0,71020.8,10,cost_budget,0.0,0.0,0.0,relative_loss<=0.0001,1,79.2,4
headroom_challenge_step_size_fixed_b8_fed9aebd.jsonl,configuration selection,control,8,150.0,quad_ill_conditioned_d100_k1e+06,1e+06,,2,committed_Q4_wide,,4681347.0,124.76363372802734,10.532675429933164,0,147.3,163524.4,11,cost_budget,0.0,0.0,0.0,relative_loss<=0.0001,1,79.2,4
headroom_challenge_step_size_fixed_b8_fed9aebd.jsonl,configuration selection,control,8,150.0,quad_ill_conditioned_d100_k1e+06,1e+06,,2,heuristic,,4681347.0,559.0050048828125,9.032938020600518,0,147.6,0.0,12,cost_budget,0.0,0.0,0.0,relative_loss<=0.0001,0,,
headroom_challenge_step_size_fixed_b8_fed9aebd.jsonl,configuration selection,control,8,150.0,quad_ill_conditioned_d100_k1e+06,1e+06,,2,onestep_absolute,,4681347.0,150.86709594726562,10.342697157036596,0,138.70000000000002,11430.0,9,cost_budget,0.0,0.0,0.0,relative_loss<=0.0001,1,96.8,6
headroom_challenge_step_size_fixed_b8_fed9aebd.jsonl,configuration selection,control,8,150.0,quad_ill_conditioned_d100_k1e+06,1e+06,,2,onestep_narrow,,4681347.0,163.9638214111328,10.259450644657715,0,143.7,1186.0,9,cost_budget,0.0,0.0,0.0,relative_loss<=0.0001,1,91.8,6
headroom_challenge_step_size_fixed_b8_fed9aebd.jsonl,configuration selection,control,8,150.0,quad_ill_conditioned_d100_k1e+06,1e+06,,2,onestep_wide,,4681347.0,171.22523498535156,10.216116593533663,0,143.7,2754.0,9,cost_budget,0.0,0.0,0.0,relative_loss<=0.0001,1,91.8,6
headroom_challenge_step_size_fixed_b8_fed9aebd.jsonl,configuration selection,control,8,150.0,quad_ill_conditioned_d100_k1e+06,1e+06,,2,open_loop[0],,4681347.0,582.2247314453125,8.992239937290375,0,145.9,0.0,13,cost_budget,0.0,0.0,0.0,relative_loss<=0.0001,0,,
headroom_challenge_step_size_fixed_b8_fed9aebd.jsonl,configuration selection,control,8,150.0,quad_ill_conditioned_d100_k1e+06,1e+06,,2,open_loop[1],,4681347.0,984.7928466796875,8.466665135879403,0,143.7,0.0,19,cost_budget,0.0,0.0,0.0,relative_loss<=0.0001,0,,
headroom_challenge_step_size_fixed_b8_fed9aebd.jsonl,configuration selection,control,8,150.0,quad_ill_conditioned_d100_k1e+06,1e+06,,2,open_loop[2],,4681347.0,824.10107421875,8.644803261720444,0,149.8,0.0,16,cost_budget,0.0,0.0,0.0,relative_loss<=0.0001,0,,
headroom_challenge_step_size_fixed_b8_fed9aebd.jsonl,configuration selection,control,8,150.0,quad_ill_conditioned_d100_k1e+06,1e+06,,2,open_loop[3],,4681347.0,1811.02685546875,7.857447160138119,0,145.0,0.0,20,cost_budget,0.0,0.0,0.0,relative_loss<=0.0001,0,,
headroom_challenge_step_size_fixed_b8_fed9aebd.jsonl,configuration selection,control,8,150.0,quad_ill_conditioned_d100_k1e+06,1e+06,,2,open_loop[4],best_open_loop,4681347.0,350.3255920410156,9.500233461962925,0,144.5,0.0,15,cost_budget,0.0,0.0,0.0,relative_loss<=0.0001,1,100.69999999999999,9
headroom_challenge_step_size_fixed_b8_fed9aebd.jsonl,configuration selection,control,8,150.0,quad_ill_conditioned_d100_k1e+06,1e+06,,2,open_loop[5],,4681347.0,219.03134155273438,9.969881615304391,0,147.50000000000003,0.0,15,cost_budget,0.0,0.0,0.0,relative_loss<=0.0001,1,114.6,12
headroom_challenge_step_size_fixed_b8_fed9aebd.jsonl,configuration selection,control,8,150.0,quad_ill_conditioned_d100_k1e+06,1e+06,,2,shrinking_Q2_narrow,,4681347.0,139.37637329101562,10.421918451619351,0,145.3,56840.8,11,cost_budget,0.0,0.0,0.0,relative_loss<=0.0001,1,83.8,6
headroom_challenge_step_size_fixed_b8_fed9aebd.jsonl,configuration selection,control,8,150.0,quad_ill_conditioned_d100_k1e+06,1e+06,,2,shrinking_Q2_wide,,4681347.0,144.90338134765625,10.383029262207291,0,143.3,136155.6,11,cost_budget,0.0,0.0,0.0,relative_loss<=0.0001,1,83.8,6
headroom_challenge_step_size_fixed_b8_fed9aebd.jsonl,configuration selection,control,8,150.0,quad_ill_conditioned_d100_k1e+06,1e+06,,2,shrinking_Q4@easy,,4681347.0,3416.316162109375,7.2227783430578985,0,144.79999999999998,4147.2,26,cost_budget,0.0,0.0,0.0,relative_loss<=0.01,1,12.3,1
headroom_challenge_step_size_fixed_b8_fed9aebd.jsonl,configuration selection,control,8,150.0,quad_ill_conditioned_d100_k1e+06,1e+06,,2,shrinking_Q4@hard,,4681347.0,124.92613220214844,10.531373826750052,0,146.0,174698.5,10,cost_budget,0.0,0.0,0.0,relative_loss<=1e-06,0,,
headroom_challenge_step_size_fixed_b8_fed9aebd.jsonl,configuration selection,control,8,150.0,quad_ill_conditioned_d100_k1e+06,1e+06,,2,shrinking_Q4@medium,,4681347.0,363.720947265625,9.46270950175849,0,147.0,87916.5,20,cost_budget,0.0,0.0,0.0,relative_loss<=0.0001,1,72.8,6
headroom_challenge_step_size_fixed_b8_fed9aebd.jsonl,configuration selection,control,8,150.0,quad_ill_conditioned_d100_k1e+06,1e+06,,2,shrinking_Q4_narrow,,4681347.0,124.92613220214844,10.531373826750052,0,146.0,174698.5,10,cost_budget,0.0,0.0,0.0,relative_loss<=0.0001,1,84.5,5
headroom_challenge_step_size_fixed_b8_fed9aebd.jsonl,configuration selection,control,8,150.0,quad_ill_conditioned_d100_k1e+06,1e+06,,2,shrinking_Q4_wide,,4681347.0,125.54135131835938,10.526461250116622,0,143.7,372332.0,9,cost_budget,0.0,0.0,0.0,relative_loss<=0.0001,1,84.5,5
headroom_challenge_step_size_fixed_b8_fed9aebd.jsonl,configuration selection,control,8,150.0,quad_ill_conditioned_d100_k1e+06,1e+06,,2,static[0],,4681347.0,3888.71240234375,7.09326306714321,0,148.4,0.0,28,cost_budget,0.0,0.0,0.0,relative_loss<=0.0001,0,,
headroom_challenge_step_size_fixed_b8_fed9aebd.jsonl,configuration selection,control,8,150.0,quad_ill_conditioned_d100_k1e+06,1e+06,,2,static[10],,4681347.0,585.1497802734375,8.987228597878246,0,147.6,0.0,12,cost_budget,0.0,0.0,0.0,relative_loss<=0.0001,0,,
headroom_challenge_step_size_fixed_b8_fed9aebd.jsonl,configuration selection,control,8,150.0,quad_ill_conditioned_d100_k1e+06,1e+06,,2,static[2],,4681347.0,555.6723022460938,9.038917710948452,0,147.6,0.0,12,cost_budget,0.0,0.0,0.0,relative_loss<=0.0001,0,,
headroom_challenge_step_size_fixed_b8_fed9aebd.jsonl,configuration selection,control,8,150.0,quad_ill_conditioned_d100_k1e+06,1e+06,,2,static[4],,4681347.0,3888.623046875,7.093286045570549,0,148.4,0.0,28,cost_budget,0.0,0.0,0.0,relative_loss<=0.0001,0,,
headroom_challenge_step_size_fixed_b8_fed9aebd.jsonl,configuration selection,control,8,150.0,quad_ill_conditioned_d100_k1e+06,1e+06,,2,static[6],best_static,4681347.0,549.0411376953125,9.050923076242258,0,147.6,0.0,12,cost_budget,0.0,0.0,0.0,relative_loss<=0.0001,0,,
headroom_challenge_step_size_fixed_b8_fed9aebd.jsonl,configuration selection,control,8,150.0,quad_ill_conditioned_d100_k1e+06,1e+06,,2,static[8],,4681347.0,6882.712890625,6.522328278290988,0,148.20000000000002,0.0,34,cost_budget,0.0,0.0,0.0,relative_loss<=0.0001,0,,
headroom_challenge_step_size_fixed_b8_fed9aebd.jsonl,configuration selection,control,8,150.0,quad_ill_conditioned_d100_k1e+06,1e+06,,3,best_static@easy,,6335280.5,580.7021484375,9.297406676470223,0,147.6,0.0,12,cost_budget,0.0,0.0,0.0,relative_loss<=0.01,1,12.3,1
headroom_challenge_step_size_fixed_b8_fed9aebd.jsonl,configuration selection,control,8,150.0,quad_ill_conditioned_d100_k1e+06,1e+06,,3,best_static@hard,,6335280.5,580.7021484375,9.297406676470223,0,147.6,0.0,12,cost_budget,0.0,0.0,0.0,relative_loss<=1e-06,0,,
headroom_challenge_step_size_fixed_b8_fed9aebd.jsonl,configuration selection,control,8,150.0,quad_ill_conditioned_d100_k1e+06,1e+06,,3,best_static@medium,,6335280.5,580.7021484375,9.297406676470223,0,147.6,0.0,12,cost_budget,0.0,0.0,0.0,relative_loss<=0.0001,1,135.29999999999998,11
headroom_challenge_step_size_fixed_b8_fed9aebd.jsonl,configuration selection,control,8,150.0,quad_ill_conditioned_d100_k1e+06,1e+06,,3,committed_Q2_narrow,,6335280.5,269.23583984375,10.066056925034795,0,143.3,30196.8,11,cost_budget,0.0,0.0,0.0,relative_loss<=0.0001,1,76.5,5
headroom_challenge_step_size_fixed_b8_fed9aebd.jsonl,configuration selection,control,8,150.0,quad_ill_conditioned_d100_k1e+06,1e+06,,3,committed_Q2_wide,,6335280.5,253.2261505126953,10.127361683575828,0,138.0,69241.6,10,cost_budget,0.0,0.0,0.0,relative_loss<=0.0001,1,76.5,5
headroom_challenge_step_size_fixed_b8_fed9aebd.jsonl,configuration selection,control,8,150.0,quad_ill_conditioned_d100_k1e+06,1e+06,,3,committed_Q4_narrow,,6335280.5,186.44834899902344,10.433490396919272,0,139.0,72446.4,10,cost_budget,0.0,0.0,0.0,relative_loss<=0.0001,1,84.8,6
headroom_challenge_step_size_fixed_b8_fed9aebd.jsonl,configuration selection,control,8,150.0,quad_ill_conditioned_d100_k1e+06,1e+06,,3,committed_Q4_wide,,6335280.5,184.1068878173828,10.446128147582879,0,146.9,163792.8,13,cost_budget,0.0,0.0,0.0,relative_loss<=0.0001,1,79.8,6
headroom_challenge_step_size_fixed_b8_fed9aebd.jsonl,configuration selection,control,8,150.0,quad_ill_conditioned_d100_k1e+06,1e+06,,3,heuristic,,6335280.5,580.7616577148438,9.297304203578548,0,147.6,0.0,12,cost_budget,0.0,0.0,0.0,relative_loss<=0.0001,1,135.29999999999998,11
headroom_challenge_step_size_fixed_b8_fed9aebd.jsonl,configuration selection,control,8,150.0,quad_ill_conditioned_d100_k1e+06,1e+06,,3,onestep_absolute,,6335280.5,249.21046447753906,10.143346870261652,0,147.29999999999998,13717.2,11,cost_budget,0.0,0.0,0.0,relative_loss<=0.0001,1,92.1,7
headroom_challenge_step_size_fixed_b8_fed9aebd.jsonl,configuration selection,control,8,150.0,quad_ill_conditioned_d100_k1e+06,1e+06,,3,onestep_narrow,,6335280.5,256.0110778808594,10.116423932063347,0,132.0,1304.6,10,cost_budget,0.0,0.0,0.0,relative_loss<=0.0001,1,92.1,7
headroom_challenge_step_size_fixed_b8_fed9aebd.jsonl,configuration selection,control,8,150.0,quad_ill_conditioned_d100_k1e+06,1e+06,,3,onestep_wide,,6335280.5,230.06069946289062,10.223301463765658,0,131.7,2754.0,9,cost_budget,0.0,0.0,0.0,relative_loss<=0.0001,1,79.8,6
headroom_challenge_step_size_fixed_b8_fed9aebd.jsonl,configuration selection,control,8,150.0,quad_ill_conditioned_d100_k1e+06,1e+06,,3,open_loop[0],,6335280.5,604.9330444335938,9.25652686703004,0,145.9,0.0,13,cost_budget,0.0,0.0,0.0,relative_loss<=0.0001,1,135.29999999999998,11
headroom_challenge_step_size_fixed_b8_fed9aebd.jsonl,configuration selection,control,8,150.0,quad_ill_conditioned_d100_k1e+06,1e+06,,3,open_loop[1],,6335280.5,831.373046875,8.938566041247729,0,143.7,0.0,19,cost_budget,0.0,0.0,0.0,relative_loss<=0.0001,0,,
headroom_challenge_step_size_fixed_b8_fed9aebd.jsonl,configuration selection,control,8,150.0,quad_ill_conditioned_d100_k1e+06,1e+06,,3,open_loop[2],,6335280.5,731.00732421875,9.067221169428091,0,149.8,0.0,16,cost_budget,0.0,0.0,0.0,relative_loss<=0.0001,0,,
headroom_challenge_step_size_fixed_b8_fed9aebd.jsonl,configuration selection,control,8,150.0,quad_ill_conditioned_d100_k1e+06,1e+06,,3,open_loop[3],,6335280.5,1214.8116455078125,8.55930032909503,0,145.0,0.0,20,cost_budget,0.0,0.0,0.0,relative_loss<=0.0001,0,,
headroom_challenge_step_size_fixed_b8_fed9aebd.jsonl,configuration selection,control,8,150.0,quad_ill_conditioned_d100_k1e+06,1e+06,,3,open_loop[4],best_open_loop,6335280.5,471.15997314453125,9.506446966486804,0,144.5,0.0,15,cost_budget,0.0,0.0,0.0,relative_loss<=0.0001,1,72.2,4
headroom_challenge_step_size_fixed_b8_fed9aebd.jsonl,configuration selection,control,8,150.0,quad_ill_conditioned_d100_k1e+06,1e+06,,3,open_loop[5],,6335280.5,318.76947021484375,9.897176470944665,0,147.50000000000003,0.0,15,cost_budget,0.0,0.0,0.0,relative_loss<=0.0001,1,92.3,11
headroom_challenge_step_size_fixed_b8_fed9aebd.jsonl,configuration selection,control,8,150.0,quad_ill_conditioned_d100_k1e+06,1e+06,,3,shrinking_Q2_narrow,,6335280.5,233.07395935058594,10.210288823275288,0,143.3,59437.8,11,cost_budget,0.0,0.0,0.0,relative_loss<=0.0001,1,83.8,6
headroom_challenge_step_size_fixed_b8_fed9aebd.jsonl,configuration selection,control,8,150.0,quad_ill_conditioned_d100_k1e+06,1e+06,,3,shrinking_Q2_wide,,6335280.5,208.975341796875,10.319428385407495,0,146.0,128615.3,10,cost_budget,0.0,0.0,0.0,relative_loss<=0.0001,1,76.5,5
headroom_challenge_step_size_fixed_b8_fed9aebd.jsonl,configuration selection,control,8,150.0,quad_ill_conditioned_d100_k1e+06,1e+06,,3,shrinking_Q4@easy,,6335280.5,2330.97705078125,7.907601854816165,0,144.79999999999998,3888.0,26,cost_budget,0.0,0.0,0.0,relative_loss<=0.01,1,12.3,1
headroom_challenge_step_size_fixed_b8_fed9aebd.jsonl,configuration selection,control,8,150.0,quad_ill_conditioned_d100_k1e+06,1e+06,,3,shrinking_Q4@hard,,6335280.5,169.329345703125,10.529799038942972,0,147.6,254424.9,12,cost_budget,0.0,0.0,0.0,relative_loss<=1e-06,0,,
headroom_challenge_step_size_fixed_b8_fed9aebd.jsonl,configuration selection,control,8,150.0,quad_ill_conditioned_d100_k1e+06,1e+06,,3,shrinking_Q4@medium,,6335280.5,529.2288208007812,9.390223756746124,0,147.0,103184.0,20,cost_budget,0.0,0.0,0.0,relative_loss<=0.0001,1,67.5,5
headroom_challenge_step_size_fixed_b8_fed9aebd.jsonl,configuration selection,control,8,150.0,quad_ill_conditioned_d100_k1e+06,1e+06,,3,shrinking_Q4_narrow,,6335280.5,169.329345703125,10.529799038942972,0,147.6,254424.9,12,cost_budget,0.0,0.0,0.0,relative_loss<=0.0001,1,84.8,6
headroom_challenge_step_size_fixed_b8_fed9aebd.jsonl,configuration selection,control,8,150.0,quad_ill_conditioned_d100_k1e+06,1e+06,,3,shrinking_Q4_wide,,6335280.5,336.0426025390625,9.844406703382132,0,132.6,580251.7,12,cost_budget,0.0,0.0,0.0,relative_loss<=0.0001,1,85.1,7
headroom_challenge_step_size_fixed_b8_fed9aebd.jsonl,configuration selection,control,8,150.0,quad_ill_conditioned_d100_k1e+06,1e+06,,3,static[0],,6335280.5,2698.4140625,7.761225153423324,0,148.4,0.0,28,cost_budget,0.0,0.0,0.0,relative_loss<=0.0001,0,,
headroom_challenge_step_size_fixed_b8_fed9aebd.jsonl,configuration selection,control,8,150.0,quad_ill_conditioned_d100_k1e+06,1e+06,,3,static[10],,6335280.5,594.5078125,9.273910791239071,0,147.6,0.0,12,cost_budget,0.0,0.0,0.0,relative_loss<=0.0001,1,135.29999999999998,11
headroom_challenge_step_size_fixed_b8_fed9aebd.jsonl,configuration selection,control,8,150.0,quad_ill_conditioned_d100_k1e+06,1e+06,,3,static[2],,6335280.5,579.101806640625,9.300166354613289,0,147.6,0.0,12,cost_budget,0.0,0.0,0.0,relative_loss<=0.0001,1,135.29999999999998,11
headroom_challenge_step_size_fixed_b8_fed9aebd.jsonl,configuration selection,control,8,150.0,quad_ill_conditioned_d100_k1e+06,1e+06,,3,static[4],,6335280.5,2698.3681640625,7.761242162980343,0,148.4,0.0,28,cost_budget,0.0,0.0,0.0,relative_loss<=0.0001,0,,
headroom_challenge_step_size_fixed_b8_fed9aebd.jsonl,configuration selection,control,8,150.0,quad_ill_conditioned_d100_k1e+06,1e+06,,3,static[6],best_static,6335280.5,580.7021484375,9.297406676470223,0,147.6,0.0,12,cost_budget,0.0,0.0,0.0,relative_loss<=0.0001,1,135.29999999999998,11
headroom_challenge_step_size_fixed_b8_fed9aebd.jsonl,configuration selection,control,8,150.0,quad_ill_conditioned_d100_k1e+06,1e+06,,3,static[8],,6335280.5,6268.8076171875,6.91830320573429,0,149.20000000000002,0.0,34,cost_budget,0.0,0.0,0.0,relative_loss<=0.0001,0,,
headroom_challenge_step_size_fixed_b8_fed9aebd.jsonl,configuration selection,control,8,150.0,quad_ill_conditioned_d100_k1e+06,1e+06,,4,best_static@easy,,3146288.0,848.5986328125,8.218147581571753,0,147.6,0.0,12,cost_budget,0.0,0.0,0.0,relative_loss<=0.01,1,12.3,1
headroom_challenge_step_size_fixed_b8_fed9aebd.jsonl,configuration selection,control,8,150.0,quad_ill_conditioned_d100_k1e+06,1e+06,,4,best_static@hard,,3146288.0,848.5986328125,8.218147581571753,0,147.6,0.0,12,cost_budget,0.0,0.0,0.0,relative_loss<=1e-06,0,,
headroom_challenge_step_size_fixed_b8_fed9aebd.jsonl,configuration selection,control,8,150.0,quad_ill_conditioned_d100_k1e+06,1e+06,,4,best_static@medium,,3146288.0,848.5986328125,8.218147581571753,0,147.6,0.0,12,cost_budget,0.0,0.0,0.0,relative_loss<=0.0001,0,,
headroom_challenge_step_size_fixed_b8_fed9aebd.jsonl,configuration selection,control,8,150.0,quad_ill_conditioned_d100_k1e+06,1e+06,,4,committed_Q2_narrow,,3146288.0,190.7098388671875,9.710980798523273,0,141.3,30326.4,11,cost_budget,0.0,0.0,0.0,relative_loss<=0.0001,1,123.69999999999999,9
headroom_challenge_step_size_fixed_b8_fed9aebd.jsonl,configuration selection,control,8,150.0,quad_ill_conditioned_d100_k1e+06,1e+06,,4,committed_Q2_wide,,3146288.0,200.69674682617188,9.659938856695444,0,145.3,71049.0,11,cost_budget,0.0,0.0,0.0,relative_loss<=0.0001,1,118.39999999999999,8
headroom_challenge_step_size_fixed_b8_fed9aebd.jsonl,configuration selection,control,8,150.0,quad_ill_conditioned_d100_k1e+06,1e+06,,4,committed_Q4_narrow,,3146288.0,138.70376586914062,10.029393425093584,0,144.0,67262.4,10,cost_budget,0.0,0.0,0.0,relative_loss<=0.0001,1,131.7,9
headroom_challenge_step_size_fixed_b8_fed9aebd.jsonl,configuration selection,control,8,150.0,quad_ill_conditioned_d100_k1e+06,1e+06,,4,committed_Q4_wide,,3146288.0,141.41482543945312,10.010036307741967,0,147.3,160546.4,11,cost_budget,0.0,0.0,0.0,relative_loss<=0.0001,1,124.39999999999999,8
headroom_challenge_step_size_fixed_b8_fed9aebd.jsonl,configuration selection,control,8,150.0,quad_ill_conditioned_d100_k1e+06,1e+06,,4,heuristic,,3146288.0,846.6047973632812,8.220499908535142,0,147.6,0.0,12,cost_budget,0.0,0.0,0.0,relative_loss<=0.0001,0,,
headroom_challenge_step_size_fixed_b8_fed9aebd.jsonl,configuration selection,control,8,150.0,quad_ill_conditioned_d100_k1e+06,1e+06,,4,onestep_absolute,,3146288.0,168.560546875,9.834438889344847,0,148.7,11427.0,9,cost_budget,0.0,0.0,0.0,relative_loss<=0.0001,1,114.1,7
headroom_challenge_step_size_fixed_b8_fed9aebd.jsonl,configuration selection,control,8,150.0,quad_ill_conditioned_d100_k1e+06,1e+06,,4,onestep_narrow,,3146288.0,281.4826354980469,9.321663143171824,0,128.7,1186.0,9,cost_budget,0.0,0.0,0.0,relative_loss<=0.0001,1,128.7,9
headroom_challenge_step_size_fixed_b8_fed9aebd.jsonl,configuration selection,control,8,150.0,quad_ill_conditioned_d100_k1e+06,1e+06,,4,onestep_wide,,3146288.0,196.17706298828125,9.682716269209887,0,149.0,3029.4,10,cost_budget,0.0,0.0,0.0,relative_loss<=0.0001,1,126.69999999999999,9
headroom_challenge_step_size_fixed_b8_fed9aebd.jsonl,configuration selection,control,8,150.0,quad_ill_conditioned_d100_k1e+06,1e+06,,4,open_loop[0],,3146288.0,893.4359130859375,8.16665929690338,0,145.9,0.0,13,cost_budget,0.0,0.0,0.0,relative_loss<=0.0001,0,,
headroom_challenge_step_size_fixed_b8_fed9aebd.jsonl,configuration selection,control,8,150.0,quad_ill_conditioned_d100_k1e+06,1e+06,,4,open_loop[1],,3146288.0,1199.0841064453125,7.872420603501494,0,143.7,0.0,19,cost_budget,0.0,0.0,0.0,relative_loss<=0.0001,0,,
headroom_challenge_step_size_fixed_b8_fed9aebd.jsonl,configuration selection,control,8,150.0,quad_ill_conditioned_d100_k1e+06,1e+06,,4,open_loop[2],,3146288.0,1104.951171875,7.9541774786021024,0,149.8,0.0,16,cost_budget,0.0,0.0,0.0,relative_loss<=0.0001,0,,
headroom_challenge_step_size_fixed_b8_fed9aebd.jsonl,configuration selection,control,8,150.0,quad_ill_conditioned_d100_k1e+06,1e+06,,4,open_loop[3],,3146288.0,1650.9796142578125,7.552609806897234,0,145.0,0.0,20,cost_budget,0.0,0.0,0.0,relative_loss<=0.0001,0,,
headroom_challenge_step_size_fixed_b8_fed9aebd.jsonl,configuration selection,control,8,150.0,quad_ill_conditioned_d100_k1e+06,1e+06,,4,open_loop[4],best_open_loop,3146288.0,618.38720703125,8.534619093376882,0,144.5,0.0,15,cost_budget,0.0,0.0,0.0,relative_loss<=0.0001,0,,
headroom_challenge_step_size_fixed_b8_fed9aebd.jsonl,configuration selection,control,8,150.0,quad_ill_conditioned_d100_k1e+06,1e+06,,4,open_loop[5],,3146288.0,360.4512939453125,9.074377062579783,0,147.50000000000003,0.0,15,cost_budget,0.0,0.0,0.0,relative_loss<=0.0001,0,,
headroom_challenge_step_size_fixed_b8_fed9aebd.jsonl,configuration selection,control,8,150.0,quad_ill_conditioned_d100_k1e+06,1e+06,,4,shrinking_Q2_narrow,,3146288.0,185.60133361816406,9.738132897460225,0,144.0,54347.1,10,cost_budget,0.0,0.0,0.0,relative_loss<=0.0001,1,126.39999999999999,8
headroom_challenge_step_size_fixed_b8_fed9aebd.jsonl,configuration selection,control,8,150.0,quad_ill_conditioned_d100_k1e+06,1e+06,,4,shrinking_Q2_wide,,3146288.0,187.98291015625,9.725382847955427,0,144.0,128648.3,10,cost_budget,0.0,0.0,0.0,relative_loss<=0.0001,1,126.39999999999999,8
headroom_challenge_step_size_fixed_b8_fed9aebd.jsonl,configuration selection,control,8,150.0,quad_ill_conditioned_d100_k1e+06,1e+06,,4,shrinking_Q4@easy,,3146288.0,3232.509521484375,6.880719847039387,0,144.79999999999998,4406.4,26,cost_budget,0.0,0.0,0.0,relative_loss<=0.01,1,12.3,1
headroom_challenge_step_size_fixed_b8_fed9aebd.jsonl,configuration selection,control,8,150.0,quad_ill_conditioned_d100_k1e+06,1e+06,,4,shrinking_Q4@hard,,3146288.0,286.0823059082031,9.305454350915092,0,139.6,192274.8,12,cost_budget,0.0,0.0,0.0,relative_loss<=1e-06,0,,
headroom_challenge_step_size_fixed_b8_fed9aebd.jsonl,configuration selection,control,8,150.0,quad_ill_conditioned_d100_k1e+06,1e+06,,4,shrinking_Q4@medium,,3146288.0,266.3365478515625,9.376973176673605,0,149.20000000000002,93740.1,14,cost_budget,0.0,0.0,0.0,relative_loss<=0.0001,1,112.1,7
headroom_challenge_step_size_fixed_b8_fed9aebd.jsonl,configuration selection,control,8,150.0,quad_ill_conditioned_d100_k1e+06,1e+06,,4,shrinking_Q4_narrow,,3146288.0,286.0823059082031,9.305454350915092,0,139.6,192274.8,12,cost_budget,0.0,0.0,0.0,relative_loss<=0.0001,1,126.99999999999999,10
headroom_challenge_step_size_fixed_b8_fed9aebd.jsonl,configuration selection,control,8,150.0,quad_ill_conditioned_d100_k1e+06,1e+06,,4,shrinking_Q4_wide,,3146288.0,162.06658935546875,9.873726607048713,0,146.0,427505.7,10,cost_budget,0.0,0.0,0.0,relative_loss<=0.0001,1,146.0,10
headroom_challenge_step_size_fixed_b8_fed9aebd.jsonl,configuration selection,control,8,150.0,quad_ill_conditioned_d100_k1e+06,1e+06,,4,static[0],,3146288.0,3815.082275390625,6.7150163934546985,0,148.4,0.0,28,cost_budget,0.0,0.0,0.0,relative_loss<=0.0001,0,,
headroom_challenge_step_size_fixed_b8_fed9aebd.jsonl,configuration selection,control,8,150.0,quad_ill_conditioned_d100_k1e+06,1e+06,,4,static[10],,3146288.0,876.3194580078125,8.186003200680599,0,147.6,0.0,12,cost_budget,0.0,0.0,0.0,relative_loss<=0.0001,0,,
headroom_challenge_step_size_fixed_b8_fed9aebd.jsonl,configuration selection,control,8,150.0,quad_ill_conditioned_d100_k1e+06,1e+06,,4,static[2],,3146288.0,850.1597290039062,8.216309654923748,0,147.6,0.0,12,cost_budget,0.0,0.0,0.0,relative_loss<=0.0001,0,,
headroom_challenge_step_size_fixed_b8_fed9aebd.jsonl,configuration selection,control,8,150.0,quad_ill_conditioned_d100_k1e+06,1e+06,,4,static[4],,3146288.0,3815.137939453125,6.715001803033731,0,148.4,0.0,28,cost_budget,0.0,0.0,0.0,relative_loss<=0.0001,0,,
headroom_challenge_step_size_fixed_b8_fed9aebd.jsonl,configuration selection,control,8,150.0,quad_ill_conditioned_d100_k1e+06,1e+06,,4,static[6],best_static,3146288.0,848.5986328125,8.218147581571753,0,147.6,0.0,12,cost_budget,0.0,0.0,0.0,relative_loss<=0.0001,0,,
headroom_challenge_step_size_fixed_b8_fed9aebd.jsonl,configuration selection,control,8,150.0,quad_ill_conditioned_d100_k1e+06,1e+06,,4,static[8],,3146288.0,8918.169921875,5.865887864413594,0,149.20000000000002,0.0,34,cost_budget,0.0,0.0,0.0,relative_loss<=0.0001,0,,
headroom_challenge_step_size_fixed_b8_fc78c2ad.jsonl,"configuration selection (cost dry run, E1)",control,8,150.0,quad_ill_conditioned_d100_k1e+03,1e+03,,2,best_static@easy,,6532.466796875,0.05001705139875412,11.779931218338302,0,147.6,0.0,12,cost_budget,0.0,0.0,0.0,relative_loss<=0.01,1,12.3,1
headroom_challenge_step_size_fixed_b8_fc78c2ad.jsonl,"configuration selection (cost dry run, E1)",control,8,150.0,quad_ill_conditioned_d100_k1e+03,1e+03,,2,best_static@hard,,6532.466796875,0.05001705139875412,11.779931218338302,0,147.6,0.0,12,cost_budget,0.0,0.0,0.0,relative_loss<=1e-06,0,,
headroom_challenge_step_size_fixed_b8_fc78c2ad.jsonl,"configuration selection (cost dry run, E1)",control,8,150.0,quad_ill_conditioned_d100_k1e+03,1e+03,,2,best_static@medium,,6532.466796875,0.05001705139875412,11.779931218338302,0,147.6,0.0,12,cost_budget,0.0,0.0,0.0,relative_loss<=0.0001,1,86.1,7
headroom_challenge_step_size_fixed_b8_fc78c2ad.jsonl,"configuration selection (cost dry run, E1)",control,8,150.0,quad_ill_conditioned_d100_k1e+03,1e+03,,2,committed_Q2_narrow,,6532.466796875,0.0001095563784474507,17.90361118416501,0,141.6,30974.4,12,cost_budget,0.0,0.0,0.0,relative_loss<=0.0001,1,82.1,7
headroom_challenge_step_size_fixed_b8_fc78c2ad.jsonl,"configuration selection (cost dry run, E1)",control,8,150.0,quad_ill_conditioned_d100_k1e+03,1e+03,,2,committed_Q2_wide,,6532.466796875,0.00012273997708689421,17.78998236230593,0,138.29999999999998,69249.6,11,cost_budget,0.0,0.0,0.0,relative_loss<=0.0001,1,78.8,6
headroom_challenge_step_size_fixed_b8_fc78c2ad.jsonl,"configuration selection (cost dry run, E1)",control,8,150.0,quad_ill_conditioned_d100_k1e+03,1e+03,,2,committed_Q4_narrow,,6532.466796875,2.1422862118924968e-05,19.535591797496032,0,144.0,68947.2,10,cost_budget,0.0,0.0,0.0,relative_loss<=0.0001,1,62.5,5
headroom_challenge_step_size_fixed_b8_fc78c2ad.jsonl,"configuration selection (cost dry run, E1)",control,8,150.0,quad_ill_conditioned_d100_k1e+03,1e+03,,2,committed_Q4_wide,,6532.466796875,2.2460768377641216e-05,19.4882803129249,0,146.29999999999998,161784.0,11,cost_budget,0.0,0.0,0.0,relative_loss<=0.0001,1,56.900000000000006,3
headroom_challenge_step_size_fixed_b8_fc78c2ad.jsonl,"configuration selection (cost dry run, E1)",control,8,150.0,quad_ill_conditioned_d100_k1e+03,1e+03,,2,heuristic,,6532.466796875,0.05004251003265381,11.779422348739338,0,147.6,0.0,12,cost_budget,0.0,0.0,0.0,relative_loss<=0.0001,1,86.1,7
headroom_challenge_step_size_fixed_b8_fc78c2ad.jsonl,"configuration selection (cost dry run, E1)",control,8,150.0,quad_ill_conditioned_d100_k1e+03,1e+03,,2,onestep_absolute,,6532.466796875,8.408673602389172e-05,18.168201634766014,0,148.7,9378.0,9,cost_budget,0.0,0.0,0.0,relative_loss<=0.0001,1,69.5,5
headroom_challenge_step_size_fixed_b8_fc78c2ad.jsonl,"configuration selection (cost dry run, E1)",control,8,150.0,quad_ill_conditioned_d100_k1e+03,1e+03,,2,onestep_narrow,,6532.466796875,0.00010835615103133023,17.91462697619894,0,138.7,1186.0,9,cost_budget,0.0,0.0,0.0,relative_loss<=0.0001,1,69.5,5
headroom_challenge_step_size_fixed_b8_fc78c2ad.jsonl,"configuration selection (cost dry run, E1)",control,8,150.0,quad_ill_conditioned_d100_k1e+03,1e+03,,2,onestep_wide,,6532.466796875,8.320304186781868e-05,18.178766564516735,0,148.7,2754.0,9,cost_budget,0.0,0.0,0.0,relative_loss<=0.0001,1,69.5,5
headroom_challenge_step_size_fixed_b8_fc78c2ad.jsonl,"configuration selection (cost dry run, E1)",control,8,150.0,quad_ill_conditioned_d100_k1e+03,1e+03,,2,open_loop[0],,6532.466796875,0.06427816301584244,11.52907523099312,0,145.9,0.0,13,cost_budget,0.0,0.0,0.0,relative_loss<=0.0001,1,86.1,7
headroom_challenge_step_size_fixed_b8_fc78c2ad.jsonl,"configuration selection (cost dry run, E1)",control,8,150.0,quad_ill_conditioned_d100_k1e+03,1e+03,,2,open_loop[1],,6532.466796875,0.2657351493835449,10.109795059849858,0,143.7,0.0,19,cost_budget,0.0,0.0,0.0,relative_loss<=0.0001,1,99.89999999999998,13
headroom_challenge_step_size_fixed_b8_fc78c2ad.jsonl,"configuration selection (cost dry run, E1)",control,8,150.0,quad_ill_conditioned_d100_k1e+03,1e+03,,2,open_loop[2],,6532.466796875,0.1636088788509369,10.594816499203723,0,149.8,0.0,16,cost_budget,0.0,0.0,0.0,relative_loss<=0.0001,1,86.1,7
headroom_challenge_step_size_fixed_b8_fc78c2ad.jsonl,"configuration selection (cost dry run, E1)",control,8,150.0,quad_ill_conditioned_d100_k1e+03,1e+03,,2,open_loop[3],,6532.466796875,6.804235458374023,6.866994634812647,0,148.39999999999995,0.0,32,cost_budget,0.18181818181818182,0.0,0.0,relative_loss<=0.0001,0,,
headroom_challenge_step_size_fixed_b8_fc78c2ad.jsonl,"configuration selection (cost dry run, E1)",control,8,150.0,quad_ill_conditioned_d100_k1e+03,1e+03,,2,open_loop[4],best_open_loop,6532.466796875,0.016331259161233902,12.899214182354656,0,144.5,0.0,15,cost_budget,0.0,0.0,0.0,relative_loss<=0.0001,1,66.9,3
headroom_challenge_step_size_fixed_b8_fc78c2ad.jsonl,"configuration selection (cost dry run, E1)",control,8,150.0,quad_ill_conditioned_d100_k1e+03,1e+03,,2,open_loop[5],,6532.466796875,13.382675170898438,6.19057894187317,0,147.40000000000003,0.0,28,cost_budget,0.0,0.0,0.0,relative_loss<=0.0001,0,,
headroom_challenge_step_size_fixed_b8_fc78c2ad.jsonl,"configuration selection (cost dry run, E1)",control,8,150.0,quad_ill_conditioned_d100_k1e+03,1e+03,,2,shrinking_Q2_narrow,,6532.466796875,0.0001095563784474507,17.90361118416501,0,141.6,64264.9,12,cost_budget,0.0,0.0,0.0,relative_loss<=0.0001,1,82.1,7
headroom_challenge_step_size_fixed_b8_fc78c2ad.jsonl,"configuration selection (cost dry run, E1)",control,8,150.0,quad_ill_conditioned_d100_k1e+03,1e+03,,2,shrinking_Q2_wide,,6532.466796875,6.738576485076919e-05,18.38961668096981,0,145.6,139336.5,12,cost_budget,0.0,0.0,0.0,relative_loss<=0.0001,1,84.1,7
headroom_challenge_step_size_fixed_b8_fc78c2ad.jsonl,"configuration selection (cost dry run, E1)",control,8,150.0,quad_ill_conditioned_d100_k1e+03,1e+03,,2,shrinking_Q4@easy,,6532.466796875,2.8972325325012207,7.720783932400971,0,144.79999999999998,4147.2,26,cost_budget,0.0,0.0,0.0,relative_loss<=0.01,1,12.3,1
headroom_challenge_step_size_fixed_b8_fc78c2ad.jsonl,"configuration selection (cost dry run, E1)",control,8,150.0,quad_ill_conditioned_d100_k1e+03,1e+03,,2,shrinking_Q4@hard,,6532.466796875,0.0026450082659721375,14.719621003168085,0,147.10000000000002,128688.4,17,cost_budget,0.0,0.0,0.0,relative_loss<=1e-06,1,99.39999999999999,8
headroom_challenge_step_size_fixed_b8_fc78c2ad.jsonl,"configuration selection (cost dry run, E1)",control,8,150.0,quad_ill_conditioned_d100_k1e+03,1e+03,,2,shrinking_Q4@medium,,6532.466796875,0.1454780399799347,10.71227004635689,0,145.3,57347.1,21,cost_budget,0.0,0.0,0.0,relative_loss<=0.0001,1,49.900000000000006,3
headroom_challenge_step_size_fixed_b8_fc78c2ad.jsonl,"configuration selection (cost dry run, E1)",control,8,150.0,quad_ill_conditioned_d100_k1e+03,1e+03,,2,shrinking_Q4_narrow,,6532.466796875,8.930651529226452e-05,18.107976027765986,0,143.3,211564.8,11,cost_budget,0.0,0.0,0.0,relative_loss<=0.0001,1,81.8,6
headroom_challenge_step_size_fixed_b8_fc78c2ad.jsonl,"configuration selection (cost dry run, E1)",control,8,150.0,quad_ill_conditioned_d100_k1e+03,1e+03,,2,shrinking_Q4_wide,,6532.466796875,1.5064159015309997e-05,19.887732125305895,0,146.0,422547.6,10,cost_budget,0.0,0.0,0.0,relative_loss<=0.0001,1,62.2,4
headroom_challenge_step_size_fixed_b8_fc78c2ad.jsonl,"configuration selection (cost dry run, E1)",control,8,150.0,quad_ill_conditioned_d100_k1e+03,1e+03,,2,static[0],,6532.466796875,3.263810634613037,7.6016444955600235,0,148.4,0.0,28,cost_budget,0.0,0.0,0.0,relative_loss<=0.0001,0,,
headroom_challenge_step_size_fixed_b8_fc78c2ad.jsonl,"configuration selection (cost dry run, E1)",control,8,150.0,quad_ill_conditioned_d100_k1e+03,1e+03,,2,static[10],,6532.466796875,0.8679137229919434,8.926202881359334,0,148.60000000000002,0.0,21,cost_budget,0.045454545454545456,0.0,0.0,relative_loss<=0.0001,0,,
headroom_challenge_step_size_fixed_b8_fc78c2ad.jsonl,"configuration selection (cost dry run, E1)",control,8,150.0,quad_ill_conditioned_d100_k1e+03,1e+03,,2,static[2],best_static,6532.466796875,0.05001705139875412,11.779931218338302,0,147.6,0.0,12,cost_budget,0.0,0.0,0.0,relative_loss<=0.0001,1,86.1,7
headroom_challenge_step_size_fixed_b8_fc78c2ad.jsonl,"configuration selection (cost dry run, E1)",control,8,150.0,quad_ill_conditioned_d100_k1e+03,1e+03,,2,static[4],,6532.466796875,3.263838529586792,7.601635948846481,0,148.4,0.0,28,cost_budget,0.0,0.0,0.0,relative_loss<=0.0001,0,,
headroom_challenge_step_size_fixed_b8_fc78c2ad.jsonl,"configuration selection (cost dry run, E1)",control,8,150.0,quad_ill_conditioned_d100_k1e+03,1e+03,,2,static[6],,6532.466796875,0.05004236474633217,11.779425252001634,0,147.6,0.0,12,cost_budget,0.0,0.0,0.0,relative_loss<=0.0001,1,86.1,7
headroom_challenge_step_size_fixed_b8_fc78c2ad.jsonl,"configuration selection (cost dry run, E1)",control,8,150.0,quad_ill_conditioned_d100_k1e+03,1e+03,,2,static[8],,6532.466796875,20.830963134765625,5.748099422551818,0,149.09999999999997,0.0,37,cost_budget,0.2631578947368421,0.0,0.0,relative_loss<=0.0001,0,,
