raw_source,role,acceptance_rule,beam_width,budget_ge,task_spec,condition_number,batch_size,seed,controller,controller_role,initial_loss,final_loss,log_improvement,floor_hit,total_cost_ge,search_cost_ge,n_steps,stop_reason,rejection_rate,failure_rate,negative_curvature_rate,target,reached,cost_to_target_ge,steps_to_target
headroom_micro-neural_step_size_fixed_b8_0bec1125.jsonl,exploratory ablation,control,8,150.0,mlp_d32_h128_c5_n512_cs128,,128,2,best_static@easy,,1.845354676246643,0.04932504519820213,3.6219948062047957,0,149.3,0.0,28,cost_budget,0.10344827586206896,0.0,0.10344827586206896,relative_loss<=0.5,1,5.3,1
headroom_micro-neural_step_size_fixed_b8_0bec1125.jsonl,exploratory ablation,control,8,150.0,mlp_d32_h128_c5_n512_cs128,,128,2,best_static@hard,,1.845354676246643,0.04932504519820213,3.6219948062047957,0,149.3,0.0,28,cost_budget,0.10344827586206896,0.0,0.10344827586206896,relative_loss<=0.1,1,43.3,8
headroom_micro-neural_step_size_fixed_b8_0bec1125.jsonl,exploratory ablation,control,8,150.0,mlp_d32_h128_c5_n512_cs128,,128,2,best_static@medium,,1.845354676246643,0.04932504519820213,3.6219948062047957,0,149.3,0.0,28,cost_budget,0.10344827586206896,0.0,0.10344827586206896,relative_loss<=0.2,1,38.0,7
headroom_micro-neural_step_size_fixed_b8_0bec1125.jsonl,exploratory ablation,control,8,150.0,mlp_d32_h128_c5_n512_cs128,,128,2,committed_Q4_narrow,,1.845354676246643,3.153291940689087,-0.5357754722126771,0,149.09999999999994,15933.8,27,cost_budget,0.75,0.0,0.9285714285714286,relative_loss<=0.2,0,,
headroom_micro-neural_step_size_fixed_b8_0bec1125.jsonl,exploratory ablation,control,8,150.0,mlp_d32_h128_c5_n512_cs128,,128,2,heuristic,,1.845354676246643,0.2789216637611389,1.889495807100624,0,133.1,0.0,14,cost_budget,0.26666666666666666,0.0,0.5333333333333333,relative_loss<=0.2,1,64.0,8
headroom_micro-neural_step_size_fixed_b8_0bec1125.jsonl,exploratory ablation,control,8,150.0,mlp_d32_h128_c5_n512_cs128,,128,2,onestep_absolute,,1.845354676246643,0.01778414659202099,4.642119354903532,0,148.4,12788.4,28,cost_budget,0.0,0.0,0.034482758620689655,relative_loss<=0.2,1,10.6,2
headroom_micro-neural_step_size_fixed_b8_0bec1125.jsonl,exploratory ablation,control,8,150.0,mlp_d32_h128_c5_n512_cs128,,128,2,onestep_narrow,,1.845354676246643,0.017733510583639145,4.644970671500081,0,148.4,1968.4,28,cost_budget,0.0,0.0,0.034482758620689655,relative_loss<=0.2,1,15.899999999999999,3
headroom_micro-neural_step_size_fixed_b8_0bec1125.jsonl,exploratory ablation,control,8,150.0,mlp_d32_h128_c5_n512_cs128,,128,2,onestep_wide,,1.845354676246643,0.02298841066658497,4.385436569572223,0,148.7,4150.6,28,cost_budget,0.034482758620689655,0.0,0.0,relative_loss<=0.2,1,10.6,2
headroom_micro-neural_step_size_fixed_b8_0bec1125.jsonl,exploratory ablation,control,8,150.0,mlp_d32_h128_c5_n512_cs128,,128,2,open_loop[0],best_open_loop,1.845354676246643,0.22600026428699493,2.0998906057645303,0,149.20000000000002,0.0,20,cost_budget,0.19047619047619047,0.0,0.3333333333333333,relative_loss<=0.2,1,80.5,11
headroom_micro-neural_step_size_fixed_b8_0bec1125.jsonl,exploratory ablation,control,8,150.0,mlp_d32_h128_c5_n512_cs128,,128,2,open_loop[1],,1.845354676246643,0.18948769569396973,2.2761026824080313,0,147.8,0.0,22,cost_budget,0.17391304347826086,0.0,0.21739130434782608,relative_loss<=0.2,1,73.5,11
headroom_micro-neural_step_size_fixed_b8_0bec1125.jsonl,exploratory ablation,control,8,150.0,mlp_d32_h128_c5_n512_cs128,,128,2,open_loop[2],,1.845354676246643,0.5705189108848572,1.1738804577810038,0,147.89999999999998,0.0,26,cost_budget,0.6296296296296297,0.0,0.8888888888888888,relative_loss<=0.2,0,,
headroom_micro-neural_step_size_fixed_b8_0bec1125.jsonl,exploratory ablation,control,8,150.0,mlp_d32_h128_c5_n512_cs128,,128,2,open_loop[3],,1.845354676246643,0.8029798269271851,0.8320971829494386,0,147.0,0.0,39,cost_budget,0.025,0.0,0.05,relative_loss<=0.2,0,,
headroom_micro-neural_step_size_fixed_b8_0bec1125.jsonl,exploratory ablation,control,8,150.0,mlp_d32_h128_c5_n512_cs128,,128,2,open_loop[4],,1.845354676246643,0.8168409466743469,0.8149823782533283,0,143.39999999999998,0.0,22,cost_budget,0.2608695652173913,0.0,0.391304347826087,relative_loss<=0.2,1,114.59999999999998,18
headroom_micro-neural_step_size_fixed_b8_0bec1125.jsonl,exploratory ablation,control,8,150.0,mlp_d32_h128_c5_n512_cs128,,128,2,open_loop[5],,1.845354676246643,0.6101227402687073,1.1067666239657319,0,147.5,0.0,35,cost_budget,0.027777777777777776,0.0,0.027777777777777776,relative_loss<=0.2,1,15.899999999999999,3
headroom_micro-neural_step_size_fixed_b8_0bec1125.jsonl,exploratory ablation,control,8,150.0,mlp_d32_h128_c5_n512_cs128,,128,2,shrinking_Q4@easy,,1.845354676246643,0.017733510583639145,4.644970671500081,0,148.4,2316.5,28,cost_budget,0.0,0.0,0.034482758620689655,relative_loss<=0.5,1,5.3,1
headroom_micro-neural_step_size_fixed_b8_0bec1125.jsonl,exploratory ablation,control,8,150.0,mlp_d32_h128_c5_n512_cs128,,128,2,shrinking_Q4@hard,,1.845354676246643,0.04648483544588089,3.6813006344862353,0,145.1,2733.4,27,cost_budget,0.0,0.0,0.03571428571428571,relative_loss<=0.1,1,21.2,4
headroom_micro-neural_step_size_fixed_b8_0bec1125.jsonl,exploratory ablation,control,8,150.0,mlp_d32_h128_c5_n512_cs128,,128,2,shrinking_Q4@medium,,1.845354676246643,0.017733510583639145,4.644970671500081,0,148.4,2480.2,28,cost_budget,0.0,0.0,0.034482758620689655,relative_loss<=0.2,1,15.899999999999999,3
headroom_micro-neural_step_size_fixed_b8_0bec1125.jsonl,exploratory ablation,control,8,150.0,mlp_d32_h128_c5_n512_cs128,,128,2,shrinking_Q4_narrow,,1.845354676246643,0.01722727157175541,4.67393308979839,0,148.4,337689.1,28,cost_budget,0.0,0.0,0.034482758620689655,relative_loss<=0.2,1,15.899999999999999,3
headroom_micro-neural_step_size_fixed_b8_0bec1125.jsonl,exploratory ablation,control,8,150.0,mlp_d32_h128_c5_n512_cs128,,128,2,static[0],,1.845354676246643,1.3533905744552612,0.3100585150188998,0,148.49999999999997,0.0,27,cost_budget,0.6785714285714286,0.0,0.9285714285714286,relative_loss<=0.2,0,,
headroom_micro-neural_step_size_fixed_b8_0bec1125.jsonl,exploratory ablation,control,8,150.0,mlp_d32_h128_c5_n512_cs128,,128,2,static[10],,1.845354676246643,0.8028343915939331,0.8322783188890412,0,148.29999999999998,0.0,39,cost_budget,0.05,0.0,0.05,relative_loss<=0.2,0,,
headroom_micro-neural_step_size_fixed_b8_0bec1125.jsonl,exploratory ablation,control,8,150.0,mlp_d32_h128_c5_n512_cs128,,128,2,static[2],,1.845354676246643,1.416317105293274,0.26461158084960307,0,145.19999999999996,0.0,26,cost_budget,0.6666666666666666,0.0,1.0,relative_loss<=0.2,0,,
headroom_micro-neural_step_size_fixed_b8_0bec1125.jsonl,exploratory ablation,control,8,150.0,mlp_d32_h128_c5_n512_cs128,,128,2,static[4],best_static,1.845354676246643,0.04932504519820213,3.6219948062047957,0,149.3,0.0,28,cost_budget,0.10344827586206896,0.0,0.10344827586206896,relative_loss<=0.2,1,38.0,7
headroom_micro-neural_step_size_fixed_b8_0bec1125.jsonl,exploratory ablation,control,8,150.0,mlp_d32_h128_c5_n512_cs128,,128,2,static[6],,1.845354676246643,0.17738938331604004,2.342079552383047,0,145.9,0.0,19,cost_budget,0.2,0.0,0.35,relative_loss<=0.2,1,80.5,11
headroom_micro-neural_step_size_fixed_b8_0bec1125.jsonl,exploratory ablation,control,8,150.0,mlp_d32_h128_c5_n512_cs128,,128,2,static[8],,1.845354676246643,0.5606029629707336,1.1914138503746083,0,147.0,0.0,40,cost_budget,0.0,0.0,0.024390243902439025,relative_loss<=0.2,1,15.899999999999999,3
headroom_micro-neural_step_size_fixed_b8_0bec1125.jsonl,exploratory ablation,control,8,150.0,mlp_d32_h128_c5_n512_cs128,,128,3,best_static@easy,,2.040332317352295,0.047272101044654846,3.7649476826772226,0,149.3,0.0,28,cost_budget,0.10344827586206896,0.0,0.10344827586206896,relative_loss<=0.5,1,27.400000000000002,5
headroom_micro-neural_step_size_fixed_b8_0bec1125.jsonl,exploratory ablation,control,8,150.0,mlp_d32_h128_c5_n512_cs128,,128,3,best_static@hard,,2.040332317352295,0.047272101044654846,3.7649476826772226,0,149.3,0.0,28,cost_budget,0.10344827586206896,0.0,0.10344827586206896,relative_loss<=0.1,1,38.0,7
headroom_micro-neural_step_size_fixed_b8_0bec1125.jsonl,exploratory ablation,control,8,150.0,mlp_d32_h128_c5_n512_cs128,,128,3,best_static@medium,,2.040332317352295,0.047272101044654846,3.7649476826772226,0,149.3,0.0,28,cost_budget,0.10344827586206896,0.0,0.10344827586206896,relative_loss<=0.2,1,32.7,6
headroom_micro-neural_step_size_fixed_b8_0bec1125.jsonl,exploratory ablation,control,8,150.0,mlp_d32_h128_c5_n512_cs128,,128,3,committed_Q4_narrow,,2.040332317352295,3.050475597381592,-0.4021848167785378,0,148.69999999999993,1807.8,27,cost_budget,0.8214285714285714,0.0,1.0,relative_loss<=0.2,0,,
headroom_micro-neural_step_size_fixed_b8_0bec1125.jsonl,exploratory ablation,control,8,150.0,mlp_d32_h128_c5_n512_cs128,,128,3,heuristic,,2.040332317352295,0.2349269539117813,2.1615933428271035,0,148.6,0.0,17,cost_budget,0.2777777777777778,0.0,0.5555555555555556,relative_loss<=0.2,1,112.1,13
headroom_micro-neural_step_size_fixed_b8_0bec1125.jsonl,exploratory ablation,control,8,150.0,mlp_d32_h128_c5_n512_cs128,,128,3,onestep_absolute,,2.040332317352295,0.020719651132822037,4.5897853942037585,0,148.4,12774.4,28,cost_budget,0.0,0.0,0.0,relative_loss<=0.2,1,10.6,2
headroom_micro-neural_step_size_fixed_b8_0bec1125.jsonl,exploratory ablation,control,8,150.0,mlp_d32_h128_c5_n512_cs128,,128,3,onestep_narrow,,2.040332317352295,0.035856157541275024,4.041352663463947,0,148.7,1932.4,28,cost_budget,0.034482758620689655,0.0,0.10344827586206896,relative_loss<=0.2,1,26.8,5
headroom_micro-neural_step_size_fixed_b8_0bec1125.jsonl,exploratory ablation,control,8,150.0,mlp_d32_h128_c5_n512_cs128,,128,3,onestep_wide,,2.040332317352295,0.02063872665166855,4.593698728757136,0,148.4,4180.6,28,cost_budget,0.0,0.0,0.0,relative_loss<=0.2,1,10.6,2
headroom_micro-neural_step_size_fixed_b8_0bec1125.jsonl,exploratory ablation,control,8,150.0,mlp_d32_h128_c5_n512_cs128,,128,3,open_loop[0],best_open_loop,2.040332317352295,0.263290673494339,2.0476093299532265,0,149.9,0.0,19,cost_budget,0.2,0.0,0.25,relative_loss<=0.2,1,122.69999999999997,15
headroom_micro-neural_step_size_fixed_b8_0bec1125.jsonl,exploratory ablation,control,8,150.0,mlp_d32_h128_c5_n512_cs128,,128,3,open_loop[1],,2.040332317352295,0.2798229455947876,1.9867109082359657,0,146.5,0.0,21,cost_budget,0.18181818181818182,0.0,0.22727272727272727,relative_loss<=0.2,1,75.5,11
headroom_micro-neural_step_size_fixed_b8_0bec1125.jsonl,exploratory ablation,control,8,150.0,mlp_d32_h128_c5_n512_cs128,,128,3,open_loop[2],,2.040332317352295,1.2042303085327148,0.5272720805016374,0,149.1,0.0,27,cost_budget,0.7142857142857143,0.0,0.75,relative_loss<=0.2,0,,
headroom_micro-neural_step_size_fixed_b8_0bec1125.jsonl,exploratory ablation,control,8,150.0,mlp_d32_h128_c5_n512_cs128,,128,3,open_loop[3],,2.040332317352295,1.12078857421875,0.5990801735721973,0,149.3,0.0,40,cost_budget,0.024390243902439025,0.0,0.04878048780487805,relative_loss<=0.2,0,,
headroom_micro-neural_step_size_fixed_b8_0bec1125.jsonl,exploratory ablation,control,8,150.0,mlp_d32_h128_c5_n512_cs128,,128,3,open_loop[4],,2.040332317352295,0.2119295746088028,2.2646139499928255,0,143.09999999999997,0.0,21,cost_budget,0.2727272727272727,0.0,0.22727272727272727,relative_loss<=0.2,1,113.29999999999997,17
headroom_micro-neural_step_size_fixed_b8_0bec1125.jsonl,exploratory ablation,control,8,150.0,mlp_d32_h128_c5_n512_cs128,,128,3,open_loop[5],,2.040332317352295,1.191805124282837,0.5376436263142348,0,148.89999999999998,0.0,41,cost_budget,0.047619047619047616,0.0,0.023809523809523808,relative_loss<=0.2,0,,
headroom_micro-neural_step_size_fixed_b8_0bec1125.jsonl,exploratory ablation,control,8,150.0,mlp_d32_h128_c5_n512_cs128,,128,3,shrinking_Q4@easy,,2.040332317352295,0.035856157541275024,4.041352663463947,0,148.7,3819.3,28,cost_budget,0.034482758620689655,0.0,0.10344827586206896,relative_loss<=0.5,1,5.3,1
headroom_micro-neural_step_size_fixed_b8_0bec1125.jsonl,exploratory ablation,control,8,150.0,mlp_d32_h128_c5_n512_cs128,,128,3,shrinking_Q4@hard,,2.040332317352295,0.05779120698571205,3.564031338403505,0,145.4,10554.5,27,cost_budget,0.03571428571428571,0.0,0.10714285714285714,relative_loss<=0.1,1,32.1,6
headroom_micro-neural_step_size_fixed_b8_0bec1125.jsonl,exploratory ablation,control,8,150.0,mlp_d32_h128_c5_n512_cs128,,128,3,shrinking_Q4@medium,,2.040332317352295,0.035856157541275024,4.041352663463947,0,148.7,10135.0,28,cost_budget,0.034482758620689655,0.0,0.10344827586206896,relative_loss<=0.2,1,26.8,5
headroom_micro-neural_step_size_fixed_b8_0bec1125.jsonl,exploratory ablation,control,8,150.0,mlp_d32_h128_c5_n512_cs128,,128,3,shrinking_Q4_narrow,,2.040332317352295,0.1611330211162567,2.5386377322667206,0,146.0,265055.7,27,cost_budget,0.10714285714285714,0.0,0.10714285714285714,relative_loss<=0.2,1,26.8,5
headroom_micro-neural_step_size_fixed_b8_0bec1125.jsonl,exploratory ablation,control,8,150.0,mlp_d32_h128_c5_n512_cs128,,128,3,static[0],,2.040332317352295,2.0931437015533447,-0.02555440402654463,0,145.29999999999993,0.0,26,cost_budget,0.9629629629629629,0.0,1.0,relative_loss<=0.2,0,,
headroom_micro-neural_step_size_fixed_b8_0bec1125.jsonl,exploratory ablation,control,8,150.0,mlp_d32_h128_c5_n512_cs128,,128,3,static[10],,2.040332317352295,0.8976683616638184,0.8210672818670048,0,148.29999999999998,0.0,39,cost_budget,0.05,0.0,0.05,relative_loss<=0.2,0,,
headroom_micro-neural_step_size_fixed_b8_0bec1125.jsonl,exploratory ablation,control,8,150.0,mlp_d32_h128_c5_n512_cs128,,128,3,static[2],,2.040332317352295,2.0931437015533447,-0.02555440402654463,0,145.29999999999993,0.0,26,cost_budget,0.9629629629629629,0.0,1.0,relative_loss<=0.2,0,,
headroom_micro-neural_step_size_fixed_b8_0bec1125.jsonl,exploratory ablation,control,8,150.0,mlp_d32_h128_c5_n512_cs128,,128,3,static[4],best_static,2.040332317352295,0.047272101044654846,3.7649476826772226,0,149.3,0.0,28,cost_budget,0.10344827586206896,0.0,0.10344827586206896,relative_loss<=0.2,1,32.7,6
headroom_micro-neural_step_size_fixed_b8_0bec1125.jsonl,exploratory ablation,control,8,150.0,mlp_d32_h128_c5_n512_cs128,,128,3,static[6],,2.040332317352295,0.3426685929298401,1.7841041955124948,0,147.6,0.0,18,cost_budget,0.21052631578947367,0.0,0.2631578947368421,relative_loss<=0.2,1,122.69999999999997,15
headroom_micro-neural_step_size_fixed_b8_0bec1125.jsonl,exploratory ablation,control,8,150.0,mlp_d32_h128_c5_n512_cs128,,128,3,static[8],,2.040332317352295,1.2041741609573364,0.5273187068686782,0,148.6,0.0,41,cost_budget,0.023809523809523808,0.0,0.023809523809523808,relative_loss<=0.2,0,,
headroom_micro-neural_step_size_fixed_b8_0bec1125.jsonl,exploratory ablation,control,8,150.0,mlp_d32_h128_c5_n512_cs128,,128,4,best_static@easy,,2.016491413116455,0.033914003521203995,4.085286343681271,0,149.3,0.0,28,cost_budget,0.10344827586206896,0.0,0.10344827586206896,relative_loss<=0.5,1,5.3,1
headroom_micro-neural_step_size_fixed_b8_0bec1125.jsonl,exploratory ablation,control,8,150.0,mlp_d32_h128_c5_n512_cs128,,128,4,best_static@hard,,2.016491413116455,0.033914003521203995,4.085286343681271,0,149.3,0.0,28,cost_budget,0.10344827586206896,0.0,0.10344827586206896,relative_loss<=0.1,1,38.0,7
headroom_micro-neural_step_size_fixed_b8_0bec1125.jsonl,exploratory ablation,control,8,150.0,mlp_d32_h128_c5_n512_cs128,,128,4,best_static@medium,,2.016491413116455,0.033914003521203995,4.085286343681271,0,149.3,0.0,28,cost_budget,0.10344827586206896,0.0,0.10344827586206896,relative_loss<=0.2,1,27.400000000000002,5
headroom_micro-neural_step_size_fixed_b8_0bec1125.jsonl,exploratory ablation,control,8,150.0,mlp_d32_h128_c5_n512_cs128,,128,4,committed_Q4_narrow,,2.016491413116455,1.1366609334945679,0.5732641182433358,0,149.39999999999995,38870.6,27,cost_budget,0.7857142857142857,0.0,0.14285714285714285,relative_loss<=0.2,1,21.2,4
headroom_micro-neural_step_size_fixed_b8_0bec1125.jsonl,exploratory ablation,control,8,150.0,mlp_d32_h128_c5_n512_cs128,,128,4,heuristic,,2.016491413116455,0.22927801311016083,2.1741790577304645,0,144.3,0.0,17,cost_budget,0.2222222222222222,0.0,0.5,relative_loss<=0.2,1,46.400000000000006,6
headroom_micro-neural_step_size_fixed_b8_0bec1125.jsonl,exploratory ablation,control,8,150.0,mlp_d32_h128_c5_n512_cs128,,128,4,onestep_absolute,,2.016491413116455,0.01802203059196472,4.717519424703343,0,148.4,12691.4,28,cost_budget,0.0,0.0,0.0,relative_loss<=0.2,1,15.899999999999999,3
headroom_micro-neural_step_size_fixed_b8_0bec1125.jsonl,exploratory ablation,control,8,150.0,mlp_d32_h128_c5_n512_cs128,,128,4,onestep_narrow,,2.016491413116455,0.0274678822606802,4.296096951662046,0,148.7,1872.4,28,cost_budget,0.034482758620689655,0.0,0.10344827586206896,relative_loss<=0.2,1,21.2,4
headroom_micro-neural_step_size_fixed_b8_0bec1125.jsonl,exploratory ablation,control,8,150.0,mlp_d32_h128_c5_n512_cs128,,128,4,onestep_wide,,2.016491413116455,0.018468042835593224,4.693072531902102,0,148.7,4185.6,28,cost_budget,0.034482758620689655,0.0,0.0,relative_loss<=0.2,1,15.899999999999999,3
headroom_micro-neural_step_size_fixed_b8_0bec1125.jsonl,exploratory ablation,control,8,150.0,mlp_d32_h128_c5_n512_cs128,,128,4,open_loop[0],best_open_loop,2.016491413116455,0.06626106053590775,3.4155119535767637,0,145.3,0.0,17,cost_budget,0.2222222222222222,0.0,0.3333333333333333,relative_loss<=0.2,1,72.89999999999999,9
headroom_micro-neural_step_size_fixed_b8_0bec1125.jsonl,exploratory ablation,control,8,150.0,mlp_d32_h128_c5_n512_cs128,,128,4,open_loop[1],,2.016491413116455,0.2659130096435547,2.025945132113591,0,147.8,0.0,22,cost_budget,0.17391304347826086,0.0,0.17391304347826086,relative_loss<=0.2,1,27.400000000000002,5
headroom_micro-neural_step_size_fixed_b8_0bec1125.jsonl,exploratory ablation,control,8,150.0,mlp_d32_h128_c5_n512_cs128,,128,4,open_loop[2],,2.016491413116455,1.7124723196029663,0.16342094972339538,0,149.2,0.0,26,cost_budget,0.6666666666666666,0.0,0.8518518518518519,relative_loss<=0.2,0,,
headroom_micro-neural_step_size_fixed_b8_0bec1125.jsonl,exploratory ablation,control,8,150.0,mlp_d32_h128_c5_n512_cs128,,128,4,open_loop[3],,2.016491413116455,0.805141806602478,0.9180959368187946,0,149.3,0.0,40,cost_budget,0.024390243902439025,0.0,0.04878048780487805,relative_loss<=0.2,0,,
headroom_micro-neural_step_size_fixed_b8_0bec1125.jsonl,exploratory ablation,control,8,150.0,mlp_d32_h128_c5_n512_cs128,,128,4,open_loop[4],,2.016491413116455,0.12835392355918884,2.7543228799252706,0,147.09999999999997,0.0,21,cost_budget,0.2727272727272727,0.0,0.2727272727272727,relative_loss<=0.2,1,74.89999999999999,9
headroom_micro-neural_step_size_fixed_b8_0bec1125.jsonl,exploratory ablation,control,8,150.0,mlp_d32_h128_c5_n512_cs128,,128,4,open_loop[5],,2.016491413116455,0.8945003151893616,0.8128491006811996,0,148.6,0.0,41,cost_budget,0.023809523809523808,0.0,0.023809523809523808,relative_loss<=0.2,0,,
headroom_micro-neural_step_size_fixed_b8_0bec1125.jsonl,exploratory ablation,control,8,150.0,mlp_d32_h128_c5_n512_cs128,,128,4,shrinking_Q4@easy,,2.016491413116455,0.0274678822606802,4.296096951662046,0,148.7,2351.2,28,cost_budget,0.034482758620689655,0.0,0.10344827586206896,relative_loss<=0.5,1,5.3,1
headroom_micro-neural_step_size_fixed_b8_0bec1125.jsonl,exploratory ablation,control,8,150.0,mlp_d32_h128_c5_n512_cs128,,128,4,shrinking_Q4@hard,,2.016491413116455,0.0274678822606802,4.296096951662046,0,148.7,3861.6,28,cost_budget,0.034482758620689655,0.0,0.10344827586206896,relative_loss<=0.1,1,26.5,5
headroom_micro-neural_step_size_fixed_b8_0bec1125.jsonl,exploratory ablation,control,8,150.0,mlp_d32_h128_c5_n512_cs128,,128,4,shrinking_Q4@medium,,2.016491413116455,0.0274678822606802,4.296096951662046,0,148.7,3509.5,28,cost_budget,0.034482758620689655,0.0,0.10344827586206896,relative_loss<=0.2,1,21.2,4
headroom_micro-neural_step_size_fixed_b8_0bec1125.jsonl,exploratory ablation,control,8,150.0,mlp_d32_h128_c5_n512_cs128,,128,4,shrinking_Q4_narrow,,2.016491413116455,0.08341755717992783,3.1852555510397593,0,145.39999999999998,321427.5,27,cost_budget,0.03571428571428571,0.0,0.14285714285714285,relative_loss<=0.2,1,21.2,4
headroom_micro-neural_step_size_fixed_b8_0bec1125.jsonl,exploratory ablation,control,8,150.0,mlp_d32_h128_c5_n512_cs128,,128,4,static[0],,2.016491413116455,1.4192020893096924,0.35126427226516793,0,147.39999999999995,0.0,27,cost_budget,0.7857142857142857,0.0,1.0,relative_loss<=0.2,0,,
headroom_micro-neural_step_size_fixed_b8_0bec1125.jsonl,exploratory ablation,control,8,150.0,mlp_d32_h128_c5_n512_cs128,,128,4,static[10],,2.016491413116455,0.783158004283905,0.9457798868943723,0,148.0,0.0,39,cost_budget,0.025,0.0,0.05,relative_loss<=0.2,0,,
headroom_micro-neural_step_size_fixed_b8_0bec1125.jsonl,exploratory ablation,control,8,150.0,mlp_d32_h128_c5_n512_cs128,,128,4,static[2],,2.016491413116455,1.4192020893096924,0.35126427226516793,0,147.39999999999995,0.0,27,cost_budget,0.7857142857142857,0.0,1.0,relative_loss<=0.2,0,,
headroom_micro-neural_step_size_fixed_b8_0bec1125.jsonl,exploratory ablation,control,8,150.0,mlp_d32_h128_c5_n512_cs128,,128,4,static[4],best_static,2.016491413116455,0.033914003521203995,4.085286343681271,0,149.3,0.0,28,cost_budget,0.10344827586206896,0.0,0.10344827586206896,relative_loss<=0.2,1,27.400000000000002,5
headroom_micro-neural_step_size_fixed_b8_0bec1125.jsonl,exploratory ablation,control,8,150.0,mlp_d32_h128_c5_n512_cs128,,128,4,static[6],,2.016491413116455,0.08803551644086838,3.1313740270194077,0,144.0,0.0,16,cost_budget,0.23529411764705882,0.0,0.35294117647058826,relative_loss<=0.2,1,72.89999999999999,9
headroom_micro-neural_step_size_fixed_b8_0bec1125.jsonl,exploratory ablation,control,8,150.0,mlp_d32_h128_c5_n512_cs128,,128,4,static[8],,2.016491413116455,0.9035643935203552,0.8027669773108239,0,148.6,0.0,41,cost_budget,0.023809523809523808,0.0,0.023809523809523808,relative_loss<=0.2,0,,
headroom_micro-neural_step_size_fixed_b8_0bec1125.jsonl,exploratory ablation,control,8,150.0,mlp_d32_h128_c5_n512_cs64,,64,2,best_static@easy,,1.845354676246643,0.08923479169607162,3.0291557694722573,0,149.60000000000002,0.0,28,cost_budget,0.13793103448275862,0.0,0.3103448275862069,relative_loss<=0.5,1,5.3,1
headroom_micro-neural_step_size_fixed_b8_0bec1125.jsonl,exploratory ablation,control,8,150.0,mlp_d32_h128_c5_n512_cs64,,64,2,best_static@hard,,1.845354676246643,0.08923479169607162,3.0291557694722573,0,149.60000000000002,0.0,28,cost_budget,0.13793103448275862,0.0,0.3103448275862069,relative_loss<=0.1,1,91.29999999999998,17
headroom_micro-neural_step_size_fixed_b8_0bec1125.jsonl,exploratory ablation,control,8,150.0,mlp_d32_h128_c5_n512_cs64,,64,2,best_static@medium,,1.845354676246643,0.08923479169607162,3.0291557694722573,0,149.60000000000002,0.0,28,cost_budget,0.13793103448275862,0.0,0.3103448275862069,relative_loss<=0.2,1,5.3,1
headroom_micro-neural_step_size_fixed_b8_0bec1125.jsonl,exploratory ablation,control,8,150.0,mlp_d32_h128_c5_n512_cs64,,64,2,committed_Q4_narrow,,1.845354676246643,0.6227071285247803,1.0863504648673006,0,146.19999999999996,34740.5,27,cost_budget,0.6428571428571429,0.0,0.9285714285714286,relative_loss<=0.2,1,5.3,1
headroom_micro-neural_step_size_fixed_b8_0bec1125.jsonl,exploratory ablation,control,8,150.0,mlp_d32_h128_c5_n512_cs64,,64,2,heuristic,,1.845354676246643,0.767112135887146,0.8777937831314977,0,138.0,0.0,16,cost_budget,0.23529411764705882,0.0,0.47058823529411764,relative_loss<=0.2,1,5.3,1
headroom_micro-neural_step_size_fixed_b8_0bec1125.jsonl,exploratory ablation,control,8,150.0,mlp_d32_h128_c5_n512_cs64,,64,2,onestep_absolute,,1.845354676246643,0.037564802914857864,3.894359255150093,0,148.4,11541.4,28,cost_budget,0.0,0.0,0.10344827586206896,relative_loss<=0.2,1,5.3,1
headroom_micro-neural_step_size_fixed_b8_0bec1125.jsonl,exploratory ablation,control,8,150.0,mlp_d32_h128_c5_n512_cs64,,64,2,onestep_narrow,,1.845354676246643,0.05753893777728081,3.467964877091052,0,148.4,1935.4,28,cost_budget,0.0,0.0,0.06896551724137931,relative_loss<=0.2,1,5.3,1
headroom_micro-neural_step_size_fixed_b8_0bec1125.jsonl,exploratory ablation,control,8,150.0,mlp_d32_h128_c5_n512_cs64,,64,2,onestep_wide,,1.845354676246643,0.04005146399140358,3.8302615475088566,0,148.4,3743.6,28,cost_budget,0.0,0.0,0.0,relative_loss<=0.2,1,5.3,1
headroom_micro-neural_step_size_fixed_b8_0bec1125.jsonl,exploratory ablation,control,8,150.0,mlp_d32_h128_c5_n512_cs64,,64,2,open_loop[0],best_open_loop,1.845354676246643,0.08886218816041946,3.033340052435256,0,148.9,0.0,19,cost_budget,0.2,0.0,0.55,relative_loss<=0.2,1,5.3,1
headroom_micro-neural_step_size_fixed_b8_0bec1125.jsonl,exploratory ablation,control,8,150.0,mlp_d32_h128_c5_n512_cs64,,64,2,open_loop[1],,1.845354676246643,0.26269495487213135,1.9494332828429677,0,146.10000000000002,0.0,23,cost_budget,0.16666666666666666,0.0,0.4166666666666667,relative_loss<=0.2,1,5.3,1
headroom_micro-neural_step_size_fixed_b8_0bec1125.jsonl,exploratory ablation,control,8,150.0,mlp_d32_h128_c5_n512_cs64,,64,2,open_loop[2],,1.845354676246643,1.8415148258209229,0.0020829876468048125,0,144.89999999999998,0.0,26,cost_budget,0.6296296296296297,0.0,0.8888888888888888,relative_loss<=0.2,1,5.3,1
headroom_micro-neural_step_size_fixed_b8_0bec1125.jsonl,exploratory ablation,control,8,150.0,mlp_d32_h128_c5_n512_cs64,,64,2,open_loop[3],,1.845354676246643,1.2407437562942505,0.3969604921956268,0,147.39999999999998,0.0,38,cost_budget,0.0,0.0,0.07692307692307693,relative_loss<=0.2,1,5.3,1
headroom_micro-neural_step_size_fixed_b8_0bec1125.jsonl,exploratory ablation,control,8,150.0,mlp_d32_h128_c5_n512_cs64,,64,2,open_loop[4],,1.845354676246643,3.46146559715271,-0.629020586910318,0,144.99999999999997,0.0,23,cost_budget,0.2916666666666667,0.0,0.7083333333333334,relative_loss<=0.2,1,5.3,1
headroom_micro-neural_step_size_fixed_b8_0bec1125.jsonl,exploratory ablation,control,8,150.0,mlp_d32_h128_c5_n512_cs64,,64,2,open_loop[5],,1.845354676246643,2.2294411659240723,-0.1890794603612379,0,149.50000000000003,0.0,35,cost_budget,0.0,0.0,0.05555555555555555,relative_loss<=0.2,1,5.3,1
headroom_micro-neural_step_size_fixed_b8_0bec1125.jsonl,exploratory ablation,control,8,150.0,mlp_d32_h128_c5_n512_cs64,,64,2,shrinking_Q4@easy,,1.845354676246643,0.05753893777728081,3.467964877091052,0,148.4,2366.4,28,cost_budget,0.0,0.0,0.06896551724137931,relative_loss<=0.5,1,5.3,1
headroom_micro-neural_step_size_fixed_b8_0bec1125.jsonl,exploratory ablation,control,8,150.0,mlp_d32_h128_c5_n512_cs64,,64,2,shrinking_Q4@hard,,1.845354676246643,0.05753893777728081,3.467964877091052,0,148.4,3088.4,28,cost_budget,0.0,0.0,0.06896551724137931,relative_loss<=0.1,1,42.4,8
headroom_micro-neural_step_size_fixed_b8_0bec1125.jsonl,exploratory ablation,control,8,150.0,mlp_d32_h128_c5_n512_cs64,,64,2,shrinking_Q4@medium,,1.845354676246643,0.05753893777728081,3.467964877091052,0,148.4,2767.7,28,cost_budget,0.0,0.0,0.06896551724137931,relative_loss<=0.2,1,5.3,1
headroom_micro-neural_step_size_fixed_b8_0bec1125.jsonl,exploratory ablation,control,8,150.0,mlp_d32_h128_c5_n512_cs64,,64,2,shrinking_Q4_narrow,,1.845354676246643,0.11774767935276031,2.75188275000211,0,145.1,275286.2,27,cost_budget,0.0,0.0,0.07142857142857142,relative_loss<=0.2,1,5.3,1
headroom_micro-neural_step_size_fixed_b8_0bec1125.jsonl,exploratory ablation,control,8,150.0,mlp_d32_h128_c5_n512_cs64,,64,2,static[0],,1.845354676246643,2.7579433917999268,-0.4018137586043182,0,147.69999999999993,0.0,27,cost_budget,0.7857142857142857,0.0,1.0,relative_loss<=0.2,1,5.3,1
headroom_micro-neural_step_size_fixed_b8_0bec1125.jsonl,exploratory ablation,control,8,150.0,mlp_d32_h128_c5_n512_cs64,,64,2,static[10],,1.845354676246643,2.1997411251068115,-0.17566818756909275,0,147.79999999999998,0.0,36,cost_budget,0.0,0.0,0.08108108108108109,relative_loss<=0.2,1,5.3,1
headroom_micro-neural_step_size_fixed_b8_0bec1125.jsonl,exploratory ablation,control,8,150.0,mlp_d32_h128_c5_n512_cs64,,64,2,static[2],,1.845354676246643,2.7579433917999268,-0.4018137586043182,0,147.69999999999993,0.0,27,cost_budget,0.7857142857142857,0.0,1.0,relative_loss<=0.2,1,5.3,1
headroom_micro-neural_step_size_fixed_b8_0bec1125.jsonl,exploratory ablation,control,8,150.0,mlp_d32_h128_c5_n512_cs64,,64,2,static[4],best_static,1.845354676246643,0.08923479169607162,3.0291557694722573,0,149.60000000000002,0.0,28,cost_budget,0.13793103448275862,0.0,0.3103448275862069,relative_loss<=0.2,1,5.3,1
headroom_micro-neural_step_size_fixed_b8_0bec1125.jsonl,exploratory ablation,control,8,150.0,mlp_d32_h128_c5_n512_cs64,,64,2,static[6],,1.845354676246643,0.1317489743232727,2.6395283720790443,0,138.29999999999998,0.0,17,cost_budget,0.2222222222222222,0.0,0.6111111111111112,relative_loss<=0.2,1,5.3,1
headroom_micro-neural_step_size_fixed_b8_0bec1125.jsonl,exploratory ablation,control,8,150.0,mlp_d32_h128_c5_n512_cs64,,64,2,static[8],,1.845354676246643,1.571822166442871,0.16043593353012786,0,149.0,0.0,40,cost_budget,0.0,0.0,0.04878048780487805,relative_loss<=0.2,1,5.3,1
headroom_micro-neural_step_size_fixed_b8_0bec1125.jsonl,exploratory ablation,control,8,150.0,mlp_d32_h128_c5_n512_cs64,,64,3,best_static@easy,,2.040332317352295,0.18142996728420258,2.419998250174097,0,148.6,0.0,28,cost_budget,0.13793103448275862,0.0,0.4482758620689655,relative_loss<=0.5,1,5.3,1
headroom_micro-neural_step_size_fixed_b8_0bec1125.jsonl,exploratory ablation,control,8,150.0,mlp_d32_h128_c5_n512_cs64,,64,3,best_static@hard,,2.040332317352295,0.18142996728420258,2.419998250174097,0,148.6,0.0,28,cost_budget,0.13793103448275862,0.0,0.4482758620689655,relative_loss<=0.1,1,100.89999999999998,19
headroom_micro-neural_step_size_fixed_b8_0bec1125.jsonl,exploratory ablation,control,8,150.0,mlp_d32_h128_c5_n512_cs64,,64,3,best_static@medium,,2.040332317352295,0.18142996728420258,2.419998250174097,0,148.6,0.0,28,cost_budget,0.13793103448275862,0.0,0.4482758620689655,relative_loss<=0.2,1,95.59999999999998,18
headroom_micro-neural_step_size_fixed_b8_0bec1125.jsonl,exploratory ablation,control,8,150.0,mlp_d32_h128_c5_n512_cs64,,64,3,committed_Q4_narrow,,2.040332317352295,2.270688772201538,-0.10697051409478331,0,148.79999999999998,17760.8,28,cost_budget,0.6551724137931034,0.0,1.0,relative_loss<=0.2,1,124.69999999999996,23
headroom_micro-neural_step_size_fixed_b8_0bec1125.jsonl,exploratory ablation,control,8,150.0,mlp_d32_h128_c5_n512_cs64,,64,3,heuristic,,2.040332317352295,0.7615176439285278,0.9855546322022457,0,145.3,0.0,16,cost_budget,0.29411764705882354,0.0,0.47058823529411764,relative_loss<=0.2,1,77.9,10
headroom_micro-neural_step_size_fixed_b8_0bec1125.jsonl,exploratory ablation,control,8,150.0,mlp_d32_h128_c5_n512_cs64,,64,3,onestep_absolute,,2.040332317352295,0.14234644174575806,2.662604157339981,0,148.4,11543.4,28,cost_budget,0.0,0.0,0.0,relative_loss<=0.2,1,5.3,1
headroom_micro-neural_step_size_fixed_b8_0bec1125.jsonl,exploratory ablation,control,8,150.0,mlp_d32_h128_c5_n512_cs64,,64,3,onestep_narrow,,2.040332317352295,0.22275105118751526,2.214813188758625,0,149.3,1810.4,28,cost_budget,0.10344827586206896,0.0,0.2413793103448276,relative_loss<=0.2,1,53.899999999999984,10
headroom_micro-neural_step_size_fixed_b8_0bec1125.jsonl,exploratory ablation,control,8,150.0,mlp_d32_h128_c5_n512_cs64,,64,3,onestep_wide,,2.040332317352295,0.17265667021274567,2.469562916839637,0,148.4,3721.6,28,cost_budget,0.0,0.0,0.06896551724137931,relative_loss<=0.2,1,5.3,1
headroom_micro-neural_step_size_fixed_b8_0bec1125.jsonl,exploratory ablation,control,8,150.0,mlp_d32_h128_c5_n512_cs64,,64,3,open_loop[0],best_open_loop,2.040332317352295,0.10318784415721893,2.9843169172987416,0,146.7,0.0,24,cost_budget,0.2,0.0,0.64,relative_loss<=0.2,1,141.39999999999998,23
headroom_micro-neural_step_size_fixed_b8_0bec1125.jsonl,exploratory ablation,control,8,150.0,mlp_d32_h128_c5_n512_cs64,,64,3,open_loop[1],,2.040332317352295,1.0645381212234497,0.6505716791530901,0,148.0,0.0,25,cost_budget,0.19230769230769232,0.0,0.6153846153846154,relative_loss<=0.2,0,,
headroom_micro-neural_step_size_fixed_b8_0bec1125.jsonl,exploratory ablation,control,8,150.0,mlp_d32_h128_c5_n512_cs64,,64,3,open_loop[2],,2.040332317352295,1.1640993356704712,0.5611650096610552,0,149.49999999999997,0.0,27,cost_budget,0.6428571428571429,0.0,0.8214285714285714,relative_loss<=0.2,1,118.69999999999995,22
headroom_micro-neural_step_size_fixed_b8_0bec1125.jsonl,exploratory ablation,control,8,150.0,mlp_d32_h128_c5_n512_cs64,,64,3,open_loop[3],,2.040332317352295,1.9622435569763184,0.03902420472041768,0,149.3,0.0,40,cost_budget,0.024390243902439025,0.0,0.04878048780487805,relative_loss<=0.2,0,,
headroom_micro-neural_step_size_fixed_b8_0bec1125.jsonl,exploratory ablation,control,8,150.0,mlp_d32_h128_c5_n512_cs64,,64,3,open_loop[4],,2.040332317352295,1.7426080703735352,0.15772981322232937,0,144.29999999999998,0.0,25,cost_budget,0.23076923076923078,0.0,0.6923076923076923,relative_loss<=0.2,1,125.79999999999997,22
headroom_micro-neural_step_size_fixed_b8_0bec1125.jsonl,exploratory ablation,control,8,150.0,mlp_d32_h128_c5_n512_cs64,,64,3,open_loop[5],,2.040332317352295,1.136804223060608,0.5848916825914626,0,149.70000000000002,0.0,38,cost_budget,0.02564102564102564,0.0,0.05128205128205128,relative_loss<=0.2,0,,
headroom_micro-neural_step_size_fixed_b8_0bec1125.jsonl,exploratory ablation,control,8,150.0,mlp_d32_h128_c5_n512_cs64,,64,3,shrinking_Q4@easy,,2.040332317352295,0.22275105118751526,2.214813188758625,0,149.3,9517.5,28,cost_budget,0.10344827586206896,0.0,0.2413793103448276,relative_loss<=0.5,1,5.3,1
headroom_micro-neural_step_size_fixed_b8_0bec1125.jsonl,exploratory ablation,control,8,150.0,mlp_d32_h128_c5_n512_cs64,,64,3,shrinking_Q4@hard,,2.040332317352295,0.15701666474342346,2.564516029656369,0,149.3,16333.5,28,cost_budget,0.10344827586206896,0.0,0.13793103448275862,relative_loss<=0.1,1,59.19999999999998,11
headroom_micro-neural_step_size_fixed_b8_0bec1125.jsonl,exploratory ablation,control,8,150.0,mlp_d32_h128_c5_n512_cs64,,64,3,shrinking_Q4@medium,,2.040332317352295,0.15701666474342346,2.564516029656369,0,149.3,15821.0,28,cost_budget,0.10344827586206896,0.0,0.13793103448275862,relative_loss<=0.2,1,48.59999999999999,9
headroom_micro-neural_step_size_fixed_b8_0bec1125.jsonl,exploratory ablation,control,8,150.0,mlp_d32_h128_c5_n512_cs64,,64,3,shrinking_Q4_narrow,,2.040332317352295,0.09560760855674744,3.0606155699301576,0,150.0,212460.1,27,cost_budget,0.1111111111111111,0.0,0.14814814814814814,relative_loss<=0.2,1,50.59999999999999,9
headroom_micro-neural_step_size_fixed_b8_0bec1125.jsonl,exploratory ablation,control,8,150.0,mlp_d32_h128_c5_n512_cs64,,64,3,static[0],,2.040332317352295,2.9939968585968018,-0.3834965415118785,0,146.09999999999994,0.0,27,cost_budget,0.75,0.0,1.0,relative_loss<=0.2,1,118.69999999999995,22
headroom_micro-neural_step_size_fixed_b8_0bec1125.jsonl,exploratory ablation,control,8,150.0,mlp_d32_h128_c5_n512_cs64,,64,3,static[10],,2.040332317352295,1.167229413986206,0.5584797768752674,0,147.7,0.0,38,cost_budget,0.02564102564102564,0.0,0.05128205128205128,relative_loss<=0.2,0,,
headroom_micro-neural_step_size_fixed_b8_0bec1125.jsonl,exploratory ablation,control,8,150.0,mlp_d32_h128_c5_n512_cs64,,64,3,static[2],,2.040332317352295,2.9939968585968018,-0.3834965415118785,0,146.09999999999994,0.0,27,cost_budget,0.75,0.0,1.0,relative_loss<=0.2,1,118.69999999999995,22
headroom_micro-neural_step_size_fixed_b8_0bec1125.jsonl,exploratory ablation,control,8,150.0,mlp_d32_h128_c5_n512_cs64,,64,3,static[4],best_static,2.040332317352295,0.18142996728420258,2.419998250174097,0,148.6,0.0,28,cost_budget,0.13793103448275862,0.0,0.4482758620689655,relative_loss<=0.2,1,95.59999999999998,18
headroom_micro-neural_step_size_fixed_b8_0bec1125.jsonl,exploratory ablation,control,8,150.0,mlp_d32_h128_c5_n512_cs64,,64,3,static[6],,2.040332317352295,0.7813528180122375,0.959841174787453,0,143.39999999999998,0.0,23,cost_budget,0.20833333333333334,0.0,0.6666666666666666,relative_loss<=0.2,0,,
headroom_micro-neural_step_size_fixed_b8_0bec1125.jsonl,exploratory ablation,control,8,150.0,mlp_d32_h128_c5_n512_cs64,,64,3,static[8],,2.040332317352295,1.375661849975586,0.39417773450637145,0,148.9,0.0,41,cost_budget,0.047619047619047616,0.0,0.047619047619047616,relative_loss<=0.2,0,,
headroom_micro-neural_step_size_fixed_b8_0bec1125.jsonl,exploratory ablation,control,8,150.0,mlp_d32_h128_c5_n512_cs64,,64,4,best_static@easy,,2.016491413116455,0.059365276247262955,3.525404875517512,0,149.6,0.0,28,cost_budget,0.13793103448275862,0.0,0.10344827586206896,relative_loss<=0.5,1,5.3,1
headroom_micro-neural_step_size_fixed_b8_0bec1125.jsonl,exploratory ablation,control,8,150.0,mlp_d32_h128_c5_n512_cs64,,64,4,best_static@hard,,2.016491413116455,0.059365276247262955,3.525404875517512,0,149.6,0.0,28,cost_budget,0.13793103448275862,0.0,0.10344827586206896,relative_loss<=0.1,1,59.499999999999986,11
headroom_micro-neural_step_size_fixed_b8_0bec1125.jsonl,exploratory ablation,control,8,150.0,mlp_d32_h128_c5_n512_cs64,,64,4,best_static@medium,,2.016491413116455,0.059365276247262955,3.525404875517512,0,149.6,0.0,28,cost_budget,0.13793103448275862,0.0,0.10344827586206896,relative_loss<=0.2,1,43.599999999999994,8
headroom_micro-neural_step_size_fixed_b8_0bec1125.jsonl,exploratory ablation,control,8,150.0,mlp_d32_h128_c5_n512_cs64,,64,4,committed_Q4_narrow,,2.016491413116455,0.1594572812318802,2.53733829890862,0,148.79999999999995,1762.8,28,cost_budget,0.6551724137931034,0.0,1.0,relative_loss<=0.2,1,57.79999999999999,11
headroom_micro-neural_step_size_fixed_b8_0bec1125.jsonl,exploratory ablation,control,8,150.0,mlp_d32_h128_c5_n512_cs64,,64,4,heuristic,,2.016491413116455,0.4643386900424957,1.4685001346042823,0,140.99999999999997,0.0,17,cost_budget,0.16666666666666666,0.0,0.4444444444444444,relative_loss<=0.2,1,63.69999999999999,7
headroom_micro-neural_step_size_fixed_b8_0bec1125.jsonl,exploratory ablation,control,8,150.0,mlp_d32_h128_c5_n512_cs64,,64,4,onestep_absolute,,2.016491413116455,0.0482838936150074,3.73201631647491,0,148.4,11348.4,28,cost_budget,0.0,0.0,0.034482758620689655,relative_loss<=0.2,1,5.3,1
headroom_micro-neural_step_size_fixed_b8_0bec1125.jsonl,exploratory ablation,control,8,150.0,mlp_d32_h128_c5_n512_cs64,,64,4,onestep_narrow,,2.016491413116455,0.032686568796634674,4.122150102631363,0,148.4,1879.4,28,cost_budget,0.0,0.0,0.06896551724137931,relative_loss<=0.2,1,21.2,4
headroom_micro-neural_step_size_fixed_b8_0bec1125.jsonl,exploratory ablation,control,8,150.0,mlp_d32_h128_c5_n512_cs64,,64,4,onestep_wide,,2.016491413116455,0.041975680738687515,3.872023935444157,0,148.4,3745.6,28,cost_budget,0.0,0.0,0.0,relative_loss<=0.2,1,5.3,1
headroom_micro-neural_step_size_fixed_b8_0bec1125.jsonl,exploratory ablation,control,8,150.0,mlp_d32_h128_c5_n512_cs64,,64,4,open_loop[0],best_open_loop,2.016491413116455,0.1192065104842186,2.8282569846977186,0,148.8,0.0,21,cost_budget,0.22727272727272727,0.0,0.3181818181818182,relative_loss<=0.2,1,138.2,19
headroom_micro-neural_step_size_fixed_b8_0bec1125.jsonl,exploratory ablation,control,8,150.0,mlp_d32_h128_c5_n512_cs64,,64,4,open_loop[1],,2.016491413116455,0.9012222290039062,0.8053624817345364,0,147.10000000000002,0.0,22,cost_budget,0.21739130434782608,0.0,0.21739130434782608,relative_loss<=0.2,0,,
headroom_micro-neural_step_size_fixed_b8_0bec1125.jsonl,exploratory ablation,control,8,150.0,mlp_d32_h128_c5_n512_cs64,,64,4,open_loop[2],,2.016491413116455,1.5102068185806274,0.28911246961622067,0,145.59999999999997,0.0,28,cost_budget,0.5172413793103449,0.0,1.0,relative_loss<=0.2,1,52.8,10
headroom_micro-neural_step_size_fixed_b8_0bec1125.jsonl,exploratory ablation,control,8,150.0,mlp_d32_h128_c5_n512_cs64,,64,4,open_loop[3],,2.016491413116455,2.1986687183380127,-0.08649297216072338,0,147.0,0.0,39,cost_budget,0.025,0.0,0.075,relative_loss<=0.2,0,,
headroom_micro-neural_step_size_fixed_b8_0bec1125.jsonl,exploratory ablation,control,8,150.0,mlp_d32_h128_c5_n512_cs64,,64,4,open_loop[4],,2.016491413116455,1.2440640926361084,0.48297556261004193,0,150.0,0.0,24,cost_budget,0.25,0.0,0.5,relative_loss<=0.2,1,122.19999999999997,19
headroom_micro-neural_step_size_fixed_b8_0bec1125.jsonl,exploratory ablation,control,8,150.0,mlp_d32_h128_c5_n512_cs64,,64,4,open_loop[5],,2.016491413116455,2.069061756134033,-0.025736169607088688,0,149.50000000000003,0.0,35,cost_budget,0.0,0.0,0.05555555555555555,relative_loss<=0.2,1,21.2,4
headroom_micro-neural_step_size_fixed_b8_0bec1125.jsonl,exploratory ablation,control,8,150.0,mlp_d32_h128_c5_n512_cs64,,64,4,shrinking_Q4@easy,,2.016491413116455,0.032686568796634674,4.122150102631363,0,148.4,2339.2,28,cost_budget,0.0,0.0,0.06896551724137931,relative_loss<=0.5,1,5.3,1
headroom_micro-neural_step_size_fixed_b8_0bec1125.jsonl,exploratory ablation,control,8,150.0,mlp_d32_h128_c5_n512_cs64,,64,4,shrinking_Q4@hard,,2.016491413116455,0.027031932026147842,4.312095521154669,0,145.1,4233.8,27,cost_budget,0.0,0.0,0.10714285714285714,relative_loss<=0.1,1,28.5,5
headroom_micro-neural_step_size_fixed_b8_0bec1125.jsonl,exploratory ablation,control,8,150.0,mlp_d32_h128_c5_n512_cs64,,64,4,shrinking_Q4@medium,,2.016491413116455,0.0402313768863678,3.914467145254269,0,145.1,3317.1,27,cost_budget,0.0,0.0,0.07142857142857142,relative_loss<=0.2,1,21.2,4
headroom_micro-neural_step_size_fixed_b8_0bec1125.jsonl,exploratory ablation,control,8,150.0,mlp_d32_h128_c5_n512_cs64,,64,4,shrinking_Q4_narrow,,2.016491413116455,0.12800738215446472,2.757026420655303,0,146.4,283509.5,28,cost_budget,0.0,0.0,0.27586206896551724,relative_loss<=0.2,1,21.2,4
headroom_micro-neural_step_size_fixed_b8_0bec1125.jsonl,exploratory ablation,control,8,150.0,mlp_d32_h128_c5_n512_cs64,,64,4,static[0],,2.016491413116455,2.47371506690979,-0.20436201931145936,0,145.89999999999995,0.0,28,cost_budget,0.5517241379310345,0.0,1.0,relative_loss<=0.2,1,52.8,10
headroom_micro-neural_step_size_fixed_b8_0bec1125.jsonl,exploratory ablation,control,8,150.0,mlp_d32_h128_c5_n512_cs64,,64,4,static[10],,2.016491413116455,2.1987366676330566,-0.08652387642771053,0,147.0,0.0,39,cost_budget,0.025,0.0,0.075,relative_loss<=0.2,0,,
headroom_micro-neural_step_size_fixed_b8_0bec1125.jsonl,exploratory ablation,control,8,150.0,mlp_d32_h128_c5_n512_cs64,,64,4,static[2],,2.016491413116455,2.47371506690979,-0.20436201931145936,0,145.89999999999995,0.0,28,cost_budget,0.5517241379310345,0.0,1.0,relative_loss<=0.2,1,52.8,10
headroom_micro-neural_step_size_fixed_b8_0bec1125.jsonl,exploratory ablation,control,8,150.0,mlp_d32_h128_c5_n512_cs64,,64,4,static[4],best_static,2.016491413116455,0.059365276247262955,3.525404875517512,0,149.6,0.0,28,cost_budget,0.13793103448275862,0.0,0.10344827586206896,relative_loss<=0.2,1,43.599999999999994,8
headroom_micro-neural_step_size_fixed_b8_0bec1125.jsonl,exploratory ablation,control,8,150.0,mlp_d32_h128_c5_n512_cs64,,64,4,static[6],,2.016491413116455,0.4117421507835388,1.5887170501812578,0,147.5,0.0,20,cost_budget,0.23809523809523808,0.0,0.3333333333333333,relative_loss<=0.2,0,,
headroom_micro-neural_step_size_fixed_b8_0bec1125.jsonl,exploratory ablation,control,8,150.0,mlp_d32_h128_c5_n512_cs64,,64,4,static[8],,2.016491413116455,1.6195000410079956,0.21924159206087063,0,149.3,0.0,40,cost_budget,0.024390243902439025,0.0,0.04878048780487805,relative_loss<=0.2,1,21.2,4
headroom_micro-neural_step_size_fixed_b8_0bec1125.jsonl,exploratory ablation,control,8,150.0,mlp_d32_h128_c5_n512_fb,,full,2,best_static@easy,,1.845354676246643,0.009979326277971268,5.2199111936202645,0,149.3,0.0,29,cost_budget,0.06666666666666667,0.0,0.03333333333333333,relative_loss<=0.5,1,5.3,1
headroom_micro-neural_step_size_fixed_b8_0bec1125.jsonl,exploratory ablation,control,8,150.0,mlp_d32_h128_c5_n512_fb,,full,2,best_static@hard,,1.845354676246643,0.009979326277971268,5.2199111936202645,0,149.3,0.0,29,cost_budget,0.06666666666666667,0.0,0.03333333333333333,relative_loss<=0.1,1,37.699999999999996,7
headroom_micro-neural_step_size_fixed_b8_0bec1125.jsonl,exploratory ablation,control,8,150.0,mlp_d32_h128_c5_n512_fb,,full,2,best_static@medium,,1.845354676246643,0.009979326277971268,5.2199111936202645,0,149.3,0.0,29,cost_budget,0.06666666666666667,0.0,0.03333333333333333,relative_loss<=0.2,1,27.099999999999998,5
headroom_micro-neural_step_size_fixed_b8_0bec1125.jsonl,exploratory ablation,control,8,150.0,mlp_d32_h128_c5_n512_fb,,full,2,committed_Q4_narrow,,1.845354676246643,2.3283062144940914e-09,20.490796275757116,0,147.5,21448.8,25,cost_budget,0.0,0.0,0.038461538461538464,relative_loss<=0.2,1,15.899999999999999,3
headroom_micro-neural_step_size_fixed_b8_0bec1125.jsonl,exploratory ablation,control,8,150.0,mlp_d32_h128_c5_n512_fb,,full,2,heuristic,,1.845354676246643,0.004973257426172495,5.916351731290536,0,131.5,0.0,12,cost_budget,0.23076923076923078,0.0,0.6153846153846154,relative_loss<=0.2,1,64.7,7
headroom_micro-neural_step_size_fixed_b8_0bec1125.jsonl,exploratory ablation,control,8,150.0,mlp_d32_h128_c5_n512_fb,,full,2,onestep_absolute,,1.845354676246643,3.7252898543727042e-09,20.02079267035324,0,145.89999999999998,9801.8,22,cost_budget,0.08695652173913043,0.0,0.13043478260869565,relative_loss<=0.2,1,17.9,3
headroom_micro-neural_step_size_fixed_b8_0bec1125.jsonl,exploratory ablation,control,8,150.0,mlp_d32_h128_c5_n512_fb,,full,2,onestep_narrow,,1.845354676246643,4.423781785334313e-09,19.848942394604062,0,149.09999999999997,2461.6,25,cost_budget,0.11538461538461539,0.0,0.038461538461538464,relative_loss<=0.2,1,17.9,3
headroom_micro-neural_step_size_fixed_b8_0bec1125.jsonl,exploratory ablation,control,8,150.0,mlp_d32_h128_c5_n512_fb,,full,2,onestep_wide,,1.845354676246643,7.4505797087454084e-09,19.327645489793298,0,148.9,4713.6,23,cost_budget,0.0,0.0,0.0,relative_loss<=0.2,1,17.9,3
headroom_micro-neural_step_size_fixed_b8_0bec1125.jsonl,exploratory ablation,control,8,150.0,mlp_d32_h128_c5_n512_fb,,full,2,open_loop[0],best_open_loop,1.845354676246643,0.06816074252128601,3.2985579981876807,0,148.9,0.0,20,cost_budget,0.14285714285714285,0.0,0.19047619047619047,relative_loss<=0.2,1,69.3,8
headroom_micro-neural_step_size_fixed_b8_0bec1125.jsonl,exploratory ablation,control,8,150.0,mlp_d32_h128_c5_n512_fb,,full,2,open_loop[1],,1.845354676246643,0.0197267085313797,4.53845329390632,0,147.50000000000003,0.0,23,cost_budget,0.08333333333333333,0.0,0.041666666666666664,relative_loss<=0.2,1,27.099999999999998,5
headroom_micro-neural_step_size_fixed_b8_0bec1125.jsonl,exploratory ablation,control,8,150.0,mlp_d32_h128_c5_n512_fb,,full,2,open_loop[2],,1.845354676246643,0.26351675391197205,1.9463098262788376,0,146.7,0.0,23,cost_budget,0.6666666666666666,0.0,0.7083333333333334,relative_loss<=0.2,1,125.49999999999996,19
headroom_micro-neural_step_size_fixed_b8_0bec1125.jsonl,exploratory ablation,control,8,150.0,mlp_d32_h128_c5_n512_fb,,full,2,open_loop[3],,1.845354676246643,0.31179672479629517,1.778075322060329,0,147.29999999999995,0.0,39,cost_budget,0.05,0.0,0.025,relative_loss<=0.2,1,19.9,3
headroom_micro-neural_step_size_fixed_b8_0bec1125.jsonl,exploratory ablation,control,8,150.0,mlp_d32_h128_c5_n512_fb,,full,2,open_loop[4],,1.845354676246643,0.03516519442200661,3.96036997585302,0,145.5,0.0,22,cost_budget,0.13043478260869565,0.0,0.17391304347826086,relative_loss<=0.2,1,69.3,8
headroom_micro-neural_step_size_fixed_b8_0bec1125.jsonl,exploratory ablation,control,8,150.0,mlp_d32_h128_c5_n512_fb,,full,2,open_loop[5],,1.845354676246643,0.36970555782318115,1.6077198752851058,0,148.3,0.0,41,cost_budget,0.0,0.0,0.023809523809523808,relative_loss<=0.2,0,,
headroom_micro-neural_step_size_fixed_b8_0bec1125.jsonl,exploratory ablation,control,8,150.0,mlp_d32_h128_c5_n512_fb,,full,2,shrinking_Q4@easy,,1.845354676246643,1.7695127141337252e-08,18.46264803348417,0,148.4,3145.7,28,cost_budget,0.0,0.0,0.034482758620689655,relative_loss<=0.5,1,5.3,1
headroom_micro-neural_step_size_fixed_b8_0bec1125.jsonl,exploratory ablation,control,8,150.0,mlp_d32_h128_c5_n512_fb,,full,2,shrinking_Q4@hard,,1.845354676246643,6.51925757821914e-09,19.46117683132812,0,145.1,3854.2,27,cost_budget,0.0,0.0,0.03571428571428571,relative_loss<=0.1,1,17.9,3
headroom_micro-neural_step_size_fixed_b8_0bec1125.jsonl,exploratory ablation,control,8,150.0,mlp_d32_h128_c5_n512_fb,,full,2,shrinking_Q4@medium,,1.845354676246643,1.7695127141337252e-08,18.46264803348417,0,148.4,3635.5,28,cost_budget,0.0,0.0,0.034482758620689655,relative_loss<=0.2,1,15.899999999999999,3
headroom_micro-neural_step_size_fixed_b8_0bec1125.jsonl,exploratory ablation,control,8,150.0,mlp_d32_h128_c5_n512_fb,,full,2,shrinking_Q4_narrow,,1.845354676246643,2.561136858147961e-09,20.395486087283025,0,149.5,198101.7,25,cost_budget,0.038461538461538464,0.0,0.038461538461538464,relative_loss<=0.2,1,15.899999999999999,3
headroom_micro-neural_step_size_fixed_b8_0bec1125.jsonl,exploratory ablation,control,8,150.0,mlp_d32_h128_c5_n512_fb,,full,2,static[0],,1.845354676246643,0.9243687391281128,0.6913157140920457,0,145.29999999999993,0.0,26,cost_budget,0.9629629629629629,0.0,0.037037037037037035,relative_loss<=0.2,0,,
headroom_micro-neural_step_size_fixed_b8_0bec1125.jsonl,exploratory ablation,control,8,150.0,mlp_d32_h128_c5_n512_fb,,full,2,static[10],,1.845354676246643,0.6005743741989136,1.1225402868101226,0,147.7,0.0,38,cost_budget,0.02564102564102564,0.0,0.05128205128205128,relative_loss<=0.2,0,,
headroom_micro-neural_step_size_fixed_b8_0bec1125.jsonl,exploratory ablation,control,8,150.0,mlp_d32_h128_c5_n512_fb,,full,2,static[2],,1.845354676246643,0.9258192181587219,0.6897477876313307,0,143.89999999999995,0.0,22,cost_budget,0.9565217391304348,0.0,1.0,relative_loss<=0.2,0,,
headroom_micro-neural_step_size_fixed_b8_0bec1125.jsonl,exploratory ablation,control,8,150.0,mlp_d32_h128_c5_n512_fb,,full,2,static[4],best_static,1.845354676246643,0.009979326277971268,5.2199111936202645,0,149.3,0.0,29,cost_budget,0.06666666666666667,0.0,0.03333333333333333,relative_loss<=0.2,1,27.099999999999998,5
headroom_micro-neural_step_size_fixed_b8_0bec1125.jsonl,exploratory ablation,control,8,150.0,mlp_d32_h128_c5_n512_fb,,full,2,static[6],,1.845354676246643,0.11695607751607895,2.758628315977752,0,145.6,0.0,19,cost_budget,0.15,0.0,0.2,relative_loss<=0.2,1,69.3,8
headroom_micro-neural_step_size_fixed_b8_0bec1125.jsonl,exploratory ablation,control,8,150.0,mlp_d32_h128_c5_n512_fb,,full,2,static[8],,1.845354676246643,0.37098613381385803,1.6042620877034512,0,148.6,0.0,41,cost_budget,0.023809523809523808,0.0,0.023809523809523808,relative_loss<=0.2,0,,
headroom_micro-neural_step_size_fixed_b8_0bec1125.jsonl,exploratory ablation,control,8,150.0,mlp_d32_h128_c5_n512_fb,,full,3,best_static@easy,,2.040332317352295,0.011450069025158882,5.182872215854046,0,147.0,0.0,28,cost_budget,0.06896551724137931,0.0,0.034482758620689655,relative_loss<=0.5,1,5.3,1
headroom_micro-neural_step_size_fixed_b8_0bec1125.jsonl,exploratory ablation,control,8,150.0,mlp_d32_h128_c5_n512_fb,,full,3,best_static@hard,,2.040332317352295,0.011450069025158882,5.182872215854046,0,147.0,0.0,28,cost_budget,0.06896551724137931,0.0,0.034482758620689655,relative_loss<=0.1,1,42.99999999999999,8
headroom_micro-neural_step_size_fixed_b8_0bec1125.jsonl,exploratory ablation,control,8,150.0,mlp_d32_h128_c5_n512_fb,,full,3,best_static@medium,,2.040332317352295,0.011450069025158882,5.182872215854046,0,147.0,0.0,28,cost_budget,0.06896551724137931,0.0,0.034482758620689655,relative_loss<=0.2,1,37.699999999999996,7
headroom_micro-neural_step_size_fixed_b8_0bec1125.jsonl,exploratory ablation,control,8,150.0,mlp_d32_h128_c5_n512_fb,,full,3,committed_Q4_narrow,,2.040332317352295,2.3283062144940914e-09,20.59123747554378,0,149.9,26384.6,23,cost_budget,0.0,0.0,0.041666666666666664,relative_loss<=0.2,1,17.9,3
headroom_micro-neural_step_size_fixed_b8_0bec1125.jsonl,exploratory ablation,control,8,150.0,mlp_d32_h128_c5_n512_fb,,full,3,heuristic,,2.040332317352295,0.012546838261187077,5.0913992717760435,0,127.89999999999998,0.0,11,cost_budget,0.16666666666666666,0.0,0.5,relative_loss<=0.2,1,68.69999999999999,7
headroom_micro-neural_step_size_fixed_b8_0bec1125.jsonl,exploratory ablation,control,8,150.0,mlp_d32_h128_c5_n512_fb,,full,3,onestep_absolute,,2.040332317352295,7.217749065091539e-09,19.459835391740004,0,147.9,10414.4,23,cost_budget,0.0,0.0,0.041666666666666664,relative_loss<=0.2,1,15.899999999999999,3
headroom_micro-neural_step_size_fixed_b8_0bec1125.jsonl,exploratory ablation,control,8,150.0,mlp_d32_h128_c5_n512_fb,,full,3,onestep_narrow,,2.040332317352295,3.7252898543727042e-09,20.121233870139907,0,149.5,2412.0,24,cost_budget,0.04,0.0,0.04,relative_loss<=0.2,1,17.9,3
headroom_micro-neural_step_size_fixed_b8_0bec1125.jsonl,exploratory ablation,control,8,150.0,mlp_d32_h128_c5_n512_fb,,full,3,onestep_wide,,2.040332317352295,6.0535962909114005e-09,19.635726008508477,0,145.89999999999998,4521.2,22,cost_budget,0.08695652173913043,0.0,0.0,relative_loss<=0.2,1,12.6,2
headroom_micro-neural_step_size_fixed_b8_0bec1125.jsonl,exploratory ablation,control,8,150.0,mlp_d32_h128_c5_n512_fb,,full,3,open_loop[0],best_open_loop,2.040332317352295,0.12155062705278397,2.820537114680156,0,146.60000000000002,0.0,19,cost_budget,0.15,0.0,0.15,relative_loss<=0.2,1,79.6,9
headroom_micro-neural_step_size_fixed_b8_0bec1125.jsonl,exploratory ablation,control,8,150.0,mlp_d32_h128_c5_n512_fb,,full,3,open_loop[1],,2.040332317352295,0.058901574462652206,3.5450001528193695,0,147.10000000000002,0.0,24,cost_budget,0.12,0.0,0.12,relative_loss<=0.2,1,50.3,8
headroom_micro-neural_step_size_fixed_b8_0bec1125.jsonl,exploratory ablation,control,8,150.0,mlp_d32_h128_c5_n512_fb,,full,3,open_loop[2],,2.040332317352295,0.3444480001926422,1.7789248380106155,0,146.7,0.0,23,cost_budget,0.6666666666666666,0.0,0.7083333333333334,relative_loss<=0.2,1,125.49999999999996,19
headroom_micro-neural_step_size_fixed_b8_0bec1125.jsonl,exploratory ablation,control,8,150.0,mlp_d32_h128_c5_n512_fb,,full,3,open_loop[3],,2.040332317352295,0.3770802915096283,1.6884098346355874,0,146.99999999999997,0.0,39,cost_budget,0.025,0.0,0.025,relative_loss<=0.2,1,19.9,3
headroom_micro-neural_step_size_fixed_b8_0bec1125.jsonl,exploratory ablation,control,8,150.0,mlp_d32_h128_c5_n512_fb,,full,3,open_loop[4],,2.040332317352295,0.012700125575065613,5.079256093018176,0,149.2,0.0,21,cost_budget,0.13636363636363635,0.0,0.18181818181818182,relative_loss<=0.2,1,78.6,9
headroom_micro-neural_step_size_fixed_b8_0bec1125.jsonl,exploratory ablation,control,8,150.0,mlp_d32_h128_c5_n512_fb,,full,3,open_loop[5],,2.040332317352295,0.43301355838775635,1.550098934048219,0,148.3,0.0,41,cost_budget,0.0,0.0,0.023809523809523808,relative_loss<=0.2,0,,
headroom_micro-neural_step_size_fixed_b8_0bec1125.jsonl,exploratory ablation,control,8,150.0,mlp_d32_h128_c5_n512_fb,,full,3,shrinking_Q4@easy,,2.040332317352295,2.6775522243838168e-08,18.148890411149704,0,148.4,3144.1,28,cost_budget,0.0,0.0,0.034482758620689655,relative_loss<=0.5,1,5.3,1
headroom_micro-neural_step_size_fixed_b8_0bec1125.jsonl,exploratory ablation,control,8,150.0,mlp_d32_h128_c5_n512_fb,,full,3,shrinking_Q4@hard,,2.040332317352295,2.9802318834981634e-08,18.041792328460073,0,147.1,4060.1,27,cost_budget,0.0,0.0,0.03571428571428571,relative_loss<=0.1,1,19.9,3
headroom_micro-neural_step_size_fixed_b8_0bec1125.jsonl,exploratory ablation,control,8,150.0,mlp_d32_h128_c5_n512_fb,,full,3,shrinking_Q4@medium,,2.040332317352295,2.6775522243838168e-08,18.148890411149704,0,148.4,3641.8,28,cost_budget,0.0,0.0,0.034482758620689655,relative_loss<=0.2,1,15.899999999999999,3
headroom_micro-neural_step_size_fixed_b8_0bec1125.jsonl,exploratory ablation,control,8,150.0,mlp_d32_h128_c5_n512_fb,,full,3,shrinking_Q4_narrow,,2.040332317352295,4.1909511416804435e-09,20.003450821238047,0,146.9,188952.0,23,cost_budget,0.0,0.0,0.041666666666666664,relative_loss<=0.2,1,17.9,3
headroom_micro-neural_step_size_fixed_b8_0bec1125.jsonl,exploratory ablation,control,8,150.0,mlp_d32_h128_c5_n512_fb,,full,3,static[0],,2.040332317352295,0.9355281591415405,0.7797567283408247,0,145.29999999999993,0.0,26,cost_budget,0.9629629629629629,0.0,0.037037037037037035,relative_loss<=0.2,0,,
headroom_micro-neural_step_size_fixed_b8_0bec1125.jsonl,exploratory ablation,control,8,150.0,mlp_d32_h128_c5_n512_fb,,full,3,static[10],,2.040332317352295,0.3242450952529907,1.8393682775885523,0,146.79999999999998,0.0,36,cost_budget,0.0,0.0,0.02702702702702703,relative_loss<=0.2,1,27.900000000000002,3
headroom_micro-neural_step_size_fixed_b8_0bec1125.jsonl,exploratory ablation,control,8,150.0,mlp_d32_h128_c5_n512_fb,,full,3,static[2],,2.040332317352295,0.9366604685783386,0.7785471177726423,0,143.89999999999995,0.0,22,cost_budget,0.9565217391304348,0.0,1.0,relative_loss<=0.2,0,,
headroom_micro-neural_step_size_fixed_b8_0bec1125.jsonl,exploratory ablation,control,8,150.0,mlp_d32_h128_c5_n512_fb,,full,3,static[4],best_static,2.040332317352295,0.011450069025158882,5.182872215854046,0,147.0,0.0,28,cost_budget,0.06896551724137931,0.0,0.034482758620689655,relative_loss<=0.2,1,37.699999999999996,7
headroom_micro-neural_step_size_fixed_b8_0bec1125.jsonl,exploratory ablation,control,8,150.0,mlp_d32_h128_c5_n512_fb,,full,3,static[6],,2.040332317352295,0.16465182602405548,2.517034875135988,0,148.60000000000002,0.0,19,cost_budget,0.15,0.0,0.15,relative_loss<=0.2,1,79.6,9
headroom_micro-neural_step_size_fixed_b8_0bec1125.jsonl,exploratory ablation,control,8,150.0,mlp_d32_h128_c5_n512_fb,,full,3,static[8],,2.040332317352295,0.43430039286613464,1.547131530097701,0,148.3,0.0,41,cost_budget,0.0,0.0,0.023809523809523808,relative_loss<=0.2,0,,
headroom_micro-neural_step_size_fixed_b8_0bec1125.jsonl,exploratory ablation,control,8,150.0,mlp_d32_h128_c5_n512_fb,,full,4,best_static@easy,,2.016491413116455,0.010158182121813297,5.2908348548706785,0,146.0,0.0,28,cost_budget,0.06896551724137931,0.0,0.06896551724137931,relative_loss<=0.5,1,27.099999999999998,5
headroom_micro-neural_step_size_fixed_b8_0bec1125.jsonl,exploratory ablation,control,8,150.0,mlp_d32_h128_c5_n512_fb,,full,4,best_static@hard,,2.016491413116455,0.010158182121813297,5.2908348548706785,0,146.0,0.0,28,cost_budget,0.06896551724137931,0.0,0.06896551724137931,relative_loss<=0.1,1,37.699999999999996,7
headroom_micro-neural_step_size_fixed_b8_0bec1125.jsonl,exploratory ablation,control,8,150.0,mlp_d32_h128_c5_n512_fb,,full,4,best_static@medium,,2.016491413116455,0.010158182121813297,5.2908348548706785,0,146.0,0.0,28,cost_budget,0.06896551724137931,0.0,0.06896551724137931,relative_loss<=0.2,1,32.4,6
headroom_micro-neural_step_size_fixed_b8_0bec1125.jsonl,exploratory ablation,control,8,150.0,mlp_d32_h128_c5_n512_fb,,full,4,committed_Q4_narrow,,2.016491413116455,4.656612428988183e-09,19.886336676743205,0,148.39999999999995,28564.0,26,cost_budget,0.1111111111111111,0.0,0.037037037037037035,relative_loss<=0.2,1,15.899999999999999,3
headroom_micro-neural_step_size_fixed_b8_0bec1125.jsonl,exploratory ablation,control,8,150.0,mlp_d32_h128_c5_n512_fb,,full,4,heuristic,,2.016491413116455,0.012233993038535118,5.1048959641995015,0,145.2,0.0,12,cost_budget,0.15384615384615385,0.0,0.3076923076923077,relative_loss<=0.2,1,37.5,4
headroom_micro-neural_step_size_fixed_b8_0bec1125.jsonl,exploratory ablation,control,8,150.0,mlp_d32_h128_c5_n512_fb,,full,4,onestep_absolute,,2.016491413116455,8.614732927014757e-09,19.271151045385466,0,149.2,10095.4,23,cost_budget,0.08333333333333333,0.0,0.08333333333333333,relative_loss<=0.2,1,10.6,2
headroom_micro-neural_step_size_fixed_b8_0bec1125.jsonl,exploratory ablation,control,8,150.0,mlp_d32_h128_c5_n512_fb,,full,4,onestep_narrow,,2.016491413116455,4.656612428988183e-09,19.886336676743205,0,147.1,2631.8,27,cost_budget,0.0,0.0,0.03571428571428571,relative_loss<=0.2,1,15.899999999999999,3
headroom_micro-neural_step_size_fixed_b8_0bec1125.jsonl,exploratory ablation,control,8,150.0,mlp_d32_h128_c5_n512_fb,,full,4,onestep_wide,,2.016491413116455,9.778886145284105e-09,19.14439932747252,0,148.9,4549.6,23,cost_budget,0.041666666666666664,0.0,0.0,relative_loss<=0.2,1,10.6,2
headroom_micro-neural_step_size_fixed_b8_0bec1125.jsonl,exploratory ablation,control,8,150.0,mlp_d32_h128_c5_n512_fb,,full,4,open_loop[0],best_open_loop,2.016491413116455,0.03040911629796028,4.194371914313581,0,147.9,0.0,20,cost_budget,0.14285714285714285,0.0,0.23809523809523808,relative_loss<=0.2,1,43.7,6
headroom_micro-neural_step_size_fixed_b8_0bec1125.jsonl,exploratory ablation,control,8,150.0,mlp_d32_h128_c5_n512_fb,,full,4,open_loop[1],,2.016491413116455,0.06606931984424591,3.4184098644766756,0,148.10000000000002,0.0,24,cost_budget,0.12,0.0,0.12,relative_loss<=0.2,1,45.99999999999999,7
headroom_micro-neural_step_size_fixed_b8_0bec1125.jsonl,exploratory ablation,control,8,150.0,mlp_d32_h128_c5_n512_fb,,full,4,open_loop[2],,2.016491413116455,0.2998048961162567,1.9059824391834645,0,146.7,0.0,23,cost_budget,0.6666666666666666,0.0,0.8333333333333334,relative_loss<=0.2,1,146.7,23
headroom_micro-neural_step_size_fixed_b8_0bec1125.jsonl,exploratory ablation,control,8,150.0,mlp_d32_h128_c5_n512_fb,,full,4,open_loop[3],,2.016491413116455,0.6785218715667725,1.089197642062477,0,149.6,0.0,40,cost_budget,0.04878048780487805,0.0,0.04878048780487805,relative_loss<=0.2,0,,
headroom_micro-neural_step_size_fixed_b8_0bec1125.jsonl,exploratory ablation,control,8,150.0,mlp_d32_h128_c5_n512_fb,,full,4,open_loop[4],,2.016491413116455,0.013954210095107555,4.973333094325969,0,145.2,0.0,21,cost_budget,0.13636363636363635,0.0,0.22727272727272727,relative_loss<=0.2,1,45.7,6
headroom_micro-neural_step_size_fixed_b8_0bec1125.jsonl,exploratory ablation,control,8,150.0,mlp_d32_h128_c5_n512_fb,,full,4,open_loop[5],,2.016491413116455,0.27991482615470886,1.9746289914048725,0,148.3,0.0,41,cost_budget,0.0,0.0,0.023809523809523808,relative_loss<=0.2,1,15.899999999999999,3
headroom_micro-neural_step_size_fixed_b8_0bec1125.jsonl,exploratory ablation,control,8,150.0,mlp_d32_h128_c5_n512_fb,,full,4,shrinking_Q4@easy,,2.016491413116455,9.080394214322496e-09,19.218507306612867,0,148.4,3092.0,28,cost_budget,0.0,0.0,0.034482758620689655,relative_loss<=0.5,1,10.6,2
headroom_micro-neural_step_size_fixed_b8_0bec1125.jsonl,exploratory ablation,control,8,150.0,mlp_d32_h128_c5_n512_fb,,full,4,shrinking_Q4@hard,,2.016491413116455,9.080394214322496e-09,19.218507306612867,0,148.4,5732.2,28,cost_budget,0.0,0.0,0.034482758620689655,relative_loss<=0.1,1,26.5,5
headroom_micro-neural_step_size_fixed_b8_0bec1125.jsonl,exploratory ablation,control,8,150.0,mlp_d32_h128_c5_n512_fb,,full,4,shrinking_Q4@medium,,2.016491413116455,9.080394214322496e-09,19.218507306612867,0,148.4,3262.0,28,cost_budget,0.0,0.0,0.034482758620689655,relative_loss<=0.2,1,15.899999999999999,3
headroom_micro-neural_step_size_fixed_b8_0bec1125.jsonl,exploratory ablation,control,8,150.0,mlp_d32_h128_c5_n512_fb,,full,4,shrinking_Q4_narrow,,2.016491413116455,1.8626450382086546e-09,20.80262737285457,0,149.5,211263.6,25,cost_budget,0.0,0.0,0.038461538461538464,relative_loss<=0.2,1,15.899999999999999,3
headroom_micro-neural_step_size_fixed_b8_0bec1125.jsonl,exploratory ablation,control,8,150.0,mlp_d32_h128_c5_n512_fb,,full,4,static[0],,2.016491413116455,0.8322932720184326,0.8849294868758169,0,149.69999999999993,0.0,27,cost_budget,0.8214285714285714,0.0,0.14285714285714285,relative_loss<=0.2,0,,
headroom_micro-neural_step_size_fixed_b8_0bec1125.jsonl,exploratory ablation,control,8,150.0,mlp_d32_h128_c5_n512_fb,,full,4,static[10],,2.016491413116455,0.6786984205245972,1.08893747949366,0,149.3,0.0,40,cost_budget,0.024390243902439025,0.0,0.04878048780487805,relative_loss<=0.2,0,,
headroom_micro-neural_step_size_fixed_b8_0bec1125.jsonl,exploratory ablation,control,8,150.0,mlp_d32_h128_c5_n512_fb,,full,4,static[2],,2.016491413116455,0.8342221975326538,0.8826145652193805,0,146.29999999999995,0.0,23,cost_budget,0.7916666666666666,0.0,1.0,relative_loss<=0.2,0,,
headroom_micro-neural_step_size_fixed_b8_0bec1125.jsonl,exploratory ablation,control,8,150.0,mlp_d32_h128_c5_n512_fb,,full,4,static[4],best_static,2.016491413116455,0.010158182121813297,5.2908348548706785,0,146.0,0.0,28,cost_budget,0.06896551724137931,0.0,0.06896551724137931,relative_loss<=0.2,1,32.4,6
headroom_micro-neural_step_size_fixed_b8_0bec1125.jsonl,exploratory ablation,control,8,150.0,mlp_d32_h128_c5_n512_fb,,full,4,static[6],,2.016491413116455,0.08194981515407562,3.2030073064003046,0,144.6,0.0,19,cost_budget,0.15,0.0,0.25,relative_loss<=0.2,1,43.7,6
headroom_micro-neural_step_size_fixed_b8_0bec1125.jsonl,exploratory ablation,control,8,150.0,mlp_d32_h128_c5_n512_fb,,full,4,static[8],,2.016491413116455,0.281480073928833,1.9690526962520445,0,148.3,0.0,41,cost_budget,0.0,0.0,0.023809523809523808,relative_loss<=0.2,1,15.899999999999999,3
headroom_micro-neural_step_size_fixed_b8_9f3194be.jsonl,exploratory ablation,fixed_eval,8,150.0,mlp_d32_h128_c5_n512_cs128,,128,2,best_static@easy,,1.845354676246643,0.19343453645706177,2.255487632101894,0,145.40000000000003,0.0,19,cost_budget,0.2,0.0,0.15,relative_loss<=0.5,1,55.400000000000006,7
headroom_micro-neural_step_size_fixed_b8_9f3194be.jsonl,exploratory ablation,fixed_eval,8,150.0,mlp_d32_h128_c5_n512_cs128,,128,2,best_static@hard,,1.845354676246643,0.19343453645706177,2.255487632101894,0,145.40000000000003,0.0,19,cost_budget,0.2,0.0,0.15,relative_loss<=0.1,1,152.80000000000004,20
headroom_micro-neural_step_size_fixed_b8_9f3194be.jsonl,exploratory ablation,fixed_eval,8,150.0,mlp_d32_h128_c5_n512_cs128,,128,2,best_static@medium,,1.845354676246643,0.19343453645706177,2.255487632101894,0,145.40000000000003,0.0,19,cost_budget,0.2,0.0,0.15,relative_loss<=0.2,1,92.40000000000002,12
headroom_micro-neural_step_size_fixed_b8_9f3194be.jsonl,exploratory ablation,fixed_eval,8,150.0,mlp_d32_h128_c5_n512_cs128,,128,2,committed_Q4_narrow,,1.845354676246643,0.5387783646583557,1.231122485397738,0,143.4,9553.2,19,cost_budget,0.2,0.0,0.05,relative_loss<=0.2,0,,
headroom_micro-neural_step_size_fixed_b8_9f3194be.jsonl,exploratory ablation,fixed_eval,8,150.0,mlp_d32_h128_c5_n512_cs128,,128,2,heuristic,,1.845354676246643,0.950986385345459,0.6629270281503803,0,149.60000000000008,0.0,23,cost_budget,0.08333333333333333,0.0,0.16666666666666666,relative_loss<=0.2,0,,
headroom_micro-neural_step_size_fixed_b8_9f3194be.jsonl,exploratory ablation,fixed_eval,8,150.0,mlp_d32_h128_c5_n512_cs128,,128,2,onestep_absolute,,1.845354676246643,0.30245107412338257,1.8085072484928884,0,148.00000000000006,11600.4,20,cost_budget,0.0,0.0,0.0,relative_loss<=0.2,1,103.60000000000002,14
headroom_micro-neural_step_size_fixed_b8_9f3194be.jsonl,exploratory ablation,fixed_eval,8,150.0,mlp_d32_h128_c5_n512_cs128,,128,2,onestep_narrow,,1.845354676246643,1.0876274108886719,0.5286728589095469,0,143.79999999999995,1024.2,17,cost_budget,0.8888888888888888,0.0,0.6666666666666666,relative_loss<=0.2,0,,
headroom_micro-neural_step_size_fixed_b8_9f3194be.jsonl,exploratory ablation,fixed_eval,8,150.0,mlp_d32_h128_c5_n512_cs128,,128,2,onestep_wide,,1.845354676246643,0.29128125309944153,1.8461374685454661,0,148.00000000000006,3392.6,20,cost_budget,0.0,0.0,0.0,relative_loss<=0.2,1,103.60000000000002,14
headroom_micro-neural_step_size_fixed_b8_9f3194be.jsonl,exploratory ablation,fixed_eval,8,150.0,mlp_d32_h128_c5_n512_cs128,,128,2,open_loop[0],,1.845354676246643,0.36384761333465576,1.6236916391520368,0,145.80000000000004,0.0,15,cost_budget,0.25,0.0,0.4375,relative_loss<=0.2,1,145.80000000000004,15
headroom_micro-neural_step_size_fixed_b8_9f3194be.jsonl,exploratory ablation,fixed_eval,8,150.0,mlp_d32_h128_c5_n512_cs128,,128,2,open_loop[1],best_open_loop,1.845354676246643,0.3512718677520752,1.658866298792132,0,144.20000000000005,0.0,16,cost_budget,0.23529411764705882,0.0,0.29411764705882354,relative_loss<=0.2,1,135.80000000000004,15
headroom_micro-neural_step_size_fixed_b8_9f3194be.jsonl,exploratory ablation,fixed_eval,8,150.0,mlp_d32_h128_c5_n512_cs128,,128,2,open_loop[2],,1.845354676246643,0.840962290763855,0.7858799540484884,0,146.39999999999998,0.0,17,cost_budget,0.7222222222222222,0.0,0.7777777777777778,relative_loss<=0.2,0,,
headroom_micro-neural_step_size_fixed_b8_9f3194be.jsonl,exploratory ablation,fixed_eval,8,150.0,mlp_d32_h128_c5_n512_cs128,,128,2,open_loop[3],,1.845354676246643,0.8086866140365601,0.8250153069292759,0,148.80000000000007,0.0,24,cost_budget,0.04,0.0,0.08,relative_loss<=0.2,0,,
headroom_micro-neural_step_size_fixed_b8_9f3194be.jsonl,exploratory ablation,fixed_eval,8,150.0,mlp_d32_h128_c5_n512_cs128,,128,2,open_loop[4],,1.845354676246643,0.35658296942710876,1.6438598283555874,0,149.60000000000005,0.0,17,cost_budget,0.2222222222222222,0.0,0.3888888888888889,relative_loss<=0.2,1,149.60000000000005,17
headroom_micro-neural_step_size_fixed_b8_9f3194be.jsonl,exploratory ablation,fixed_eval,8,150.0,mlp_d32_h128_c5_n512_cs128,,128,2,open_loop[5],,1.845354676246643,0.7275652289390564,0.9307231176494444,0,145.00000000000006,0.0,22,cost_budget,0.043478260869565216,0.0,0.043478260869565216,relative_loss<=0.2,0,,
headroom_micro-neural_step_size_fixed_b8_9f3194be.jsonl,exploratory ablation,fixed_eval,8,150.0,mlp_d32_h128_c5_n512_cs128,,128,2,shrinking_Q4@easy,,1.845354676246643,0.3079490065574646,1.790492568306242,0,149.20000000000005,4327.6,20,cost_budget,0.047619047619047616,0.0,0.047619047619047616,relative_loss<=0.5,1,23.4,3
headroom_micro-neural_step_size_fixed_b8_9f3194be.jsonl,exploratory ablation,fixed_eval,8,150.0,mlp_d32_h128_c5_n512_cs128,,128,2,shrinking_Q4@hard,,1.845354676246643,0.35192564129829407,1.6570068674768268,0,148.60000000000005,24810.8,16,cost_budget,0.058823529411764705,0.0,0.058823529411764705,relative_loss<=0.1,0,,
headroom_micro-neural_step_size_fixed_b8_9f3194be.jsonl,exploratory ablation,fixed_eval,8,150.0,mlp_d32_h128_c5_n512_cs128,,128,2,shrinking_Q4@medium,,1.845354676246643,0.3521564304828644,1.6563512927872108,0,146.60000000000005,22454.4,16,cost_budget,0.058823529411764705,0.0,0.058823529411764705,relative_loss<=0.2,1,139.20000000000005,15
headroom_micro-neural_step_size_fixed_b8_9f3194be.jsonl,exploratory ablation,fixed_eval,8,150.0,mlp_d32_h128_c5_n512_cs128,,128,2,shrinking_Q4_narrow,,1.845354676246643,0.35192564129829407,1.6570068674768268,0,148.60000000000005,24810.8,16,cost_budget,0.058823529411764705,0.0,0.058823529411764705,relative_loss<=0.2,1,141.20000000000005,15
headroom_micro-neural_step_size_fixed_b8_9f3194be.jsonl,exploratory ablation,fixed_eval,8,150.0,mlp_d32_h128_c5_n512_cs128,,128,2,static[0],,1.845354676246643,1.275530219078064,0.36930954519966025,0,144.99999999999997,0.0,17,cost_budget,0.9444444444444444,0.0,0.8888888888888888,relative_loss<=0.2,0,,
headroom_micro-neural_step_size_fixed_b8_9f3194be.jsonl,exploratory ablation,fixed_eval,8,150.0,mlp_d32_h128_c5_n512_cs128,,128,2,static[10],,1.845354676246643,0.808866560459137,0.8247928148020848,0,149.80000000000007,0.0,24,cost_budget,0.04,0.0,0.08,relative_loss<=0.2,0,,
headroom_micro-neural_step_size_fixed_b8_9f3194be.jsonl,exploratory ablation,fixed_eval,8,150.0,mlp_d32_h128_c5_n512_cs128,,128,2,static[2],,1.845354676246643,1.275530219078064,0.36930954519966025,0,145.99999999999997,0.0,17,cost_budget,0.9444444444444444,0.0,1.0,relative_loss<=0.2,0,,
headroom_micro-neural_step_size_fixed_b8_9f3194be.jsonl,exploratory ablation,fixed_eval,8,150.0,mlp_d32_h128_c5_n512_cs128,,128,2,static[4],best_static,1.845354676246643,0.19343453645706177,2.255487632101894,0,145.40000000000003,0.0,19,cost_budget,0.2,0.0,0.15,relative_loss<=0.2,1,92.40000000000002,12
headroom_micro-neural_step_size_fixed_b8_9f3194be.jsonl,exploratory ablation,fixed_eval,8,150.0,mlp_d32_h128_c5_n512_cs128,,128,2,static[6],,1.845354676246643,0.3636947274208069,1.6241119196155507,0,148.80000000000004,0.0,15,cost_budget,0.25,0.0,0.4375,relative_loss<=0.2,1,148.80000000000004,15
headroom_micro-neural_step_size_fixed_b8_9f3194be.jsonl,exploratory ablation,fixed_eval,8,150.0,mlp_d32_h128_c5_n512_cs128,,128,2,static[8],,1.845354676246643,0.8087714910507202,0.8249103558162041,0,149.20000000000007,0.0,25,cost_budget,0.038461538461538464,0.0,0.038461538461538464,relative_loss<=0.2,0,,
headroom_micro-neural_step_size_fixed_b8_9f3194be.jsonl,exploratory ablation,fixed_eval,8,150.0,mlp_d32_h128_c5_n512_cs128,,128,3,best_static@easy,,2.040332317352295,0.3146016299724579,1.8695608025286166,0,145.40000000000003,0.0,19,cost_budget,0.2,0.0,0.1,relative_loss<=0.5,1,40.6,5
headroom_micro-neural_step_size_fixed_b8_9f3194be.jsonl,exploratory ablation,fixed_eval,8,150.0,mlp_d32_h128_c5_n512_cs128,,128,3,best_static@hard,,2.040332317352295,0.3146016299724579,1.8695608025286166,0,145.40000000000003,0.0,19,cost_budget,0.2,0.0,0.1,relative_loss<=0.1,0,,
headroom_micro-neural_step_size_fixed_b8_9f3194be.jsonl,exploratory ablation,fixed_eval,8,150.0,mlp_d32_h128_c5_n512_cs128,,128,3,best_static@medium,,2.040332317352295,0.3146016299724579,1.8695608025286166,0,145.40000000000003,0.0,19,cost_budget,0.2,0.0,0.1,relative_loss<=0.2,1,108.40000000000002,14
headroom_micro-neural_step_size_fixed_b8_9f3194be.jsonl,exploratory ablation,fixed_eval,8,150.0,mlp_d32_h128_c5_n512_cs128,,128,3,committed_Q4_narrow,,2.040332317352295,1.7842787504196167,0.13409842306491027,0,144.99999999999997,1940.4,17,cost_budget,0.9444444444444444,0.0,1.0,relative_loss<=0.2,0,,
headroom_micro-neural_step_size_fixed_b8_9f3194be.jsonl,exploratory ablation,fixed_eval,8,150.0,mlp_d32_h128_c5_n512_cs128,,128,3,heuristic,,2.040332317352295,1.142796277999878,0.5796345607959177,0,145.60000000000008,0.0,23,cost_budget,0.08333333333333333,0.0,0.08333333333333333,relative_loss<=0.2,0,,
headroom_micro-neural_step_size_fixed_b8_9f3194be.jsonl,exploratory ablation,fixed_eval,8,150.0,mlp_d32_h128_c5_n512_cs128,,128,3,onestep_absolute,,2.040332317352295,0.3812515139579773,1.6774086752832251,0,148.00000000000006,11559.4,20,cost_budget,0.0,0.0,0.0,relative_loss<=0.2,1,125.80000000000004,17
headroom_micro-neural_step_size_fixed_b8_9f3194be.jsonl,exploratory ablation,fixed_eval,8,150.0,mlp_d32_h128_c5_n512_cs128,,128,3,onestep_narrow,,2.040332317352295,0.5226304531097412,1.3619933505345085,0,145.20000000000002,1186.6,18,cost_budget,0.5263157894736842,0.0,0.631578947368421,relative_loss<=0.2,0,,
headroom_micro-neural_step_size_fixed_b8_9f3194be.jsonl,exploratory ablation,fixed_eval,8,150.0,mlp_d32_h128_c5_n512_cs128,,128,3,onestep_wide,,2.040332317352295,0.3502003252506256,1.7623626256261757,0,148.00000000000006,3351.6,20,cost_budget,0.0,0.0,0.0,relative_loss<=0.2,1,103.60000000000002,14
headroom_micro-neural_step_size_fixed_b8_9f3194be.jsonl,exploratory ablation,fixed_eval,8,150.0,mlp_d32_h128_c5_n512_cs128,,128,3,open_loop[0],,2.040332317352295,0.46785861253738403,1.4727018339238955,0,146.40000000000003,0.0,14,cost_budget,0.26666666666666666,0.0,0.3333333333333333,relative_loss<=0.2,0,,
headroom_micro-neural_step_size_fixed_b8_9f3194be.jsonl,exploratory ablation,fixed_eval,8,150.0,mlp_d32_h128_c5_n512_cs128,,128,3,open_loop[1],best_open_loop,2.040332317352295,0.42810875177383423,1.5614907179991047,0,149.80000000000004,0.0,15,cost_budget,0.25,0.0,0.125,relative_loss<=0.2,0,,
headroom_micro-neural_step_size_fixed_b8_9f3194be.jsonl,exploratory ablation,fixed_eval,8,150.0,mlp_d32_h128_c5_n512_cs128,,128,3,open_loop[2],,2.040332317352295,0.751200258731842,0.9991957019155758,0,146.39999999999998,0.0,17,cost_budget,0.7222222222222222,0.0,0.8333333333333334,relative_loss<=0.2,0,,
headroom_micro-neural_step_size_fixed_b8_9f3194be.jsonl,exploratory ablation,fixed_eval,8,150.0,mlp_d32_h128_c5_n512_cs128,,128,3,open_loop[3],,2.040332317352295,1.0206845998764038,0.6926391167446607,0,147.80000000000007,0.0,24,cost_budget,0.04,0.0,0.08,relative_loss<=0.2,0,,
headroom_micro-neural_step_size_fixed_b8_9f3194be.jsonl,exploratory ablation,fixed_eval,8,150.0,mlp_d32_h128_c5_n512_cs128,,128,3,open_loop[4],,2.040332317352295,0.6210857033729553,1.1893988931710167,0,147.00000000000003,0.0,15,cost_budget,0.3125,0.0,0.375,relative_loss<=0.2,0,,
headroom_micro-neural_step_size_fixed_b8_9f3194be.jsonl,exploratory ablation,fixed_eval,8,150.0,mlp_d32_h128_c5_n512_cs128,,128,3,open_loop[5],,2.040332317352295,0.8938225507736206,0.8253607078298659,0,145.00000000000006,0.0,22,cost_budget,0.043478260869565216,0.0,0.043478260869565216,relative_loss<=0.2,0,,
headroom_micro-neural_step_size_fixed_b8_9f3194be.jsonl,exploratory ablation,fixed_eval,8,150.0,mlp_d32_h128_c5_n512_cs128,,128,3,shrinking_Q4@easy,,2.040332317352295,0.5226304531097412,1.3619933505345085,0,145.20000000000002,22487.4,18,cost_budget,0.5263157894736842,0.0,0.631578947368421,relative_loss<=0.5,1,115.60000000000001,14
headroom_micro-neural_step_size_fixed_b8_9f3194be.jsonl,exploratory ablation,fixed_eval,8,150.0,mlp_d32_h128_c5_n512_cs128,,128,3,shrinking_Q4@hard,,2.040332317352295,0.5880590677261353,1.2440405760643936,0,139.8,31437.8,17,cost_budget,0.5555555555555556,0.0,0.6666666666666666,relative_loss<=0.1,0,,
headroom_micro-neural_step_size_fixed_b8_9f3194be.jsonl,exploratory ablation,fixed_eval,8,150.0,mlp_d32_h128_c5_n512_cs128,,128,3,shrinking_Q4@medium,,2.040332317352295,0.5880590677261353,1.2440405760643936,0,139.8,31437.8,17,cost_budget,0.5555555555555556,0.0,0.6666666666666666,relative_loss<=0.2,0,,
headroom_micro-neural_step_size_fixed_b8_9f3194be.jsonl,exploratory ablation,fixed_eval,8,150.0,mlp_d32_h128_c5_n512_cs128,,128,3,shrinking_Q4_narrow,,2.040332317352295,0.5880590677261353,1.2440405760643936,0,139.8,31437.8,17,cost_budget,0.5555555555555556,0.0,0.6666666666666666,relative_loss<=0.2,0,,
headroom_micro-neural_step_size_fixed_b8_9f3194be.jsonl,exploratory ablation,fixed_eval,8,150.0,mlp_d32_h128_c5_n512_cs128,,128,3,static[0],,2.040332317352295,1.3436682224273682,0.41770934193868353,0,143.79999999999995,0.0,17,cost_budget,0.8888888888888888,0.0,1.0,relative_loss<=0.2,0,,
headroom_micro-neural_step_size_fixed_b8_9f3194be.jsonl,exploratory ablation,fixed_eval,8,150.0,mlp_d32_h128_c5_n512_cs128,,128,3,static[10],,2.040332317352295,1.0207151174545288,0.6926092180649771,0,149.80000000000007,0.0,24,cost_budget,0.04,0.0,0.08,relative_loss<=0.2,0,,
headroom_micro-neural_step_size_fixed_b8_9f3194be.jsonl,exploratory ablation,fixed_eval,8,150.0,mlp_d32_h128_c5_n512_cs128,,128,3,static[2],,2.040332317352295,1.3436682224273682,0.41770934193868353,0,143.79999999999995,0.0,17,cost_budget,0.8888888888888888,0.0,1.0,relative_loss<=0.2,0,,
headroom_micro-neural_step_size_fixed_b8_9f3194be.jsonl,exploratory ablation,fixed_eval,8,150.0,mlp_d32_h128_c5_n512_cs128,,128,3,static[4],best_static,2.040332317352295,0.3146016299724579,1.8695608025286166,0,145.40000000000003,0.0,19,cost_budget,0.2,0.0,0.1,relative_loss<=0.2,1,108.40000000000002,14
headroom_micro-neural_step_size_fixed_b8_9f3194be.jsonl,exploratory ablation,fixed_eval,8,150.0,mlp_d32_h128_c5_n512_cs128,,128,3,static[6],,2.040332317352295,0.4677732288837433,1.4728843494179131,0,149.40000000000003,0.0,14,cost_budget,0.26666666666666666,0.0,0.3333333333333333,relative_loss<=0.2,0,,
headroom_micro-neural_step_size_fixed_b8_9f3194be.jsonl,exploratory ablation,fixed_eval,8,150.0,mlp_d32_h128_c5_n512_cs128,,128,3,static[8],,2.040332317352295,1.0202900171279907,0.6930257778525859,0,149.20000000000007,0.0,25,cost_budget,0.038461538461538464,0.0,0.038461538461538464,relative_loss<=0.2,0,,
headroom_micro-neural_step_size_fixed_b8_9f3194be.jsonl,exploratory ablation,fixed_eval,8,150.0,mlp_d32_h128_c5_n512_cs128,,128,4,best_static@easy,,2.016491413116455,0.21933136880397797,2.218530670197321,0,145.40000000000003,0.0,19,cost_budget,0.2,0.0,0.15,relative_loss<=0.5,1,48.0,6
headroom_micro-neural_step_size_fixed_b8_9f3194be.jsonl,exploratory ablation,fixed_eval,8,150.0,mlp_d32_h128_c5_n512_cs128,,128,4,best_static@hard,,2.016491413116455,0.21933136880397797,2.218530670197321,0,145.40000000000003,0.0,19,cost_budget,0.2,0.0,0.15,relative_loss<=0.1,0,,
headroom_micro-neural_step_size_fixed_b8_9f3194be.jsonl,exploratory ablation,fixed_eval,8,150.0,mlp_d32_h128_c5_n512_cs128,,128,4,best_static@medium,,2.016491413116455,0.21933136880397797,2.218530670197321,0,145.40000000000003,0.0,19,cost_budget,0.2,0.0,0.15,relative_loss<=0.2,1,101.00000000000001,13
headroom_micro-neural_step_size_fixed_b8_9f3194be.jsonl,exploratory ablation,fixed_eval,8,150.0,mlp_d32_h128_c5_n512_cs128,,128,4,committed_Q4_narrow,,2.016491413116455,1.7020595073699951,0.16952008426941378,0,144.99999999999997,1965.6,17,cost_budget,0.8888888888888888,0.0,0.9444444444444444,relative_loss<=0.2,0,,
headroom_micro-neural_step_size_fixed_b8_9f3194be.jsonl,exploratory ablation,fixed_eval,8,150.0,mlp_d32_h128_c5_n512_cs128,,128,4,heuristic,,2.016491413116455,1.5993260145187378,0.23177677743844555,0,144.60000000000008,0.0,23,cost_budget,0.08333333333333333,0.0,0.125,relative_loss<=0.2,0,,
headroom_micro-neural_step_size_fixed_b8_9f3194be.jsonl,exploratory ablation,fixed_eval,8,150.0,mlp_d32_h128_c5_n512_cs128,,128,4,onestep_absolute,,2.016491413116455,0.27427002787590027,1.9950012316983257,0,148.00000000000006,11539.4,20,cost_budget,0.0,0.0,0.0,relative_loss<=0.2,1,59.199999999999996,8
headroom_micro-neural_step_size_fixed_b8_9f3194be.jsonl,exploratory ablation,fixed_eval,8,150.0,mlp_d32_h128_c5_n512_cs128,,128,4,onestep_narrow,,2.016491413116455,0.286863774061203,1.950106907757307,0,149.00000000000006,1360.0,19,cost_budget,0.35,0.0,0.45,relative_loss<=0.2,1,112.00000000000003,14
headroom_micro-neural_step_size_fixed_b8_9f3194be.jsonl,exploratory ablation,fixed_eval,8,150.0,mlp_d32_h128_c5_n512_cs128,,128,4,onestep_wide,,2.016491413116455,0.2818194329738617,1.9678477987439642,0,148.00000000000006,3291.6,20,cost_budget,0.0,0.0,0.047619047619047616,relative_loss<=0.2,1,51.8,7
headroom_micro-neural_step_size_fixed_b8_9f3194be.jsonl,exploratory ablation,fixed_eval,8,150.0,mlp_d32_h128_c5_n512_cs128,,128,4,open_loop[0],,2.016491413116455,0.42633938789367676,1.5538786417130501,0,144.40000000000003,0.0,14,cost_budget,0.3333333333333333,0.0,0.3333333333333333,relative_loss<=0.2,0,,
headroom_micro-neural_step_size_fixed_b8_9f3194be.jsonl,exploratory ablation,fixed_eval,8,150.0,mlp_d32_h128_c5_n512_cs128,,128,4,open_loop[1],best_open_loop,2.016491413116455,0.392943799495697,1.635447758178151,0,144.20000000000005,0.0,16,cost_budget,0.23529411764705882,0.0,0.23529411764705882,relative_loss<=0.2,1,136.80000000000004,15
headroom_micro-neural_step_size_fixed_b8_9f3194be.jsonl,exploratory ablation,fixed_eval,8,150.0,mlp_d32_h128_c5_n512_cs128,,128,4,open_loop[2],,2.016491413116455,1.0024257898330688,0.6989362246570868,0,146.6,0.0,17,cost_budget,0.7777777777777778,0.0,0.8333333333333334,relative_loss<=0.2,0,,
headroom_micro-neural_step_size_fixed_b8_9f3194be.jsonl,exploratory ablation,fixed_eval,8,150.0,mlp_d32_h128_c5_n512_cs128,,128,4,open_loop[3],,2.016491413116455,0.9947141408920288,0.7066589556982379,0,147.80000000000007,0.0,24,cost_budget,0.04,0.0,0.08,relative_loss<=0.2,0,,
headroom_micro-neural_step_size_fixed_b8_9f3194be.jsonl,exploratory ablation,fixed_eval,8,150.0,mlp_d32_h128_c5_n512_cs128,,128,4,open_loop[4],,2.016491413116455,0.5086751580238342,1.3773047395939724,0,146.40000000000006,0.0,16,cost_budget,0.35294117647058826,0.0,0.35294117647058826,relative_loss<=0.2,0,,
headroom_micro-neural_step_size_fixed_b8_9f3194be.jsonl,exploratory ablation,fixed_eval,8,150.0,mlp_d32_h128_c5_n512_cs128,,128,4,open_loop[5],,2.016491413116455,0.8544906377792358,0.8586088098710647,0,145.00000000000006,0.0,22,cost_budget,0.043478260869565216,0.0,0.043478260869565216,relative_loss<=0.2,0,,
headroom_micro-neural_step_size_fixed_b8_9f3194be.jsonl,exploratory ablation,fixed_eval,8,150.0,mlp_d32_h128_c5_n512_cs128,,128,4,shrinking_Q4@easy,,2.016491413116455,0.286863774061203,1.950106907757307,0,149.00000000000006,18404.199999999997,19,cost_budget,0.35,0.0,0.45,relative_loss<=0.5,1,89.80000000000001,11
headroom_micro-neural_step_size_fixed_b8_9f3194be.jsonl,exploratory ablation,fixed_eval,8,150.0,mlp_d32_h128_c5_n512_cs128,,128,4,shrinking_Q4@hard,,2.016491413116455,0.3245603144168854,1.826642968347818,0,146.80000000000004,37149.4,18,cost_budget,0.42105263157894735,0.0,0.47368421052631576,relative_loss<=0.1,0,,
headroom_micro-neural_step_size_fixed_b8_9f3194be.jsonl,exploratory ablation,fixed_eval,8,150.0,mlp_d32_h128_c5_n512_cs128,,128,4,shrinking_Q4@medium,,2.016491413116455,0.3269765079021454,1.8192260289549447,0,142.80000000000004,34222.6,18,cost_budget,0.42105263157894735,0.0,0.47368421052631576,relative_loss<=0.2,1,128.00000000000003,16
headroom_micro-neural_step_size_fixed_b8_9f3194be.jsonl,exploratory ablation,fixed_eval,8,150.0,mlp_d32_h128_c5_n512_cs128,,128,4,shrinking_Q4_narrow,,2.016491413116455,0.3245603144168854,1.826642968347818,0,146.80000000000004,37149.4,18,cost_budget,0.42105263157894735,0.0,0.47368421052631576,relative_loss<=0.2,1,128.00000000000003,16
headroom_micro-neural_step_size_fixed_b8_9f3194be.jsonl,exploratory ablation,fixed_eval,8,150.0,mlp_d32_h128_c5_n512_cs128,,128,4,static[0],,2.016491413116455,1.717431664466858,0.16052912048092038,0,144.99999999999997,0.0,17,cost_budget,0.9444444444444444,0.0,1.0,relative_loss<=0.2,0,,
headroom_micro-neural_step_size_fixed_b8_9f3194be.jsonl,exploratory ablation,fixed_eval,8,150.0,mlp_d32_h128_c5_n512_cs128,,128,4,static[10],,2.016491413116455,0.9949427843093872,0.706429123695073,0,149.80000000000007,0.0,24,cost_budget,0.04,0.0,0.08,relative_loss<=0.2,0,,
headroom_micro-neural_step_size_fixed_b8_9f3194be.jsonl,exploratory ablation,fixed_eval,8,150.0,mlp_d32_h128_c5_n512_cs128,,128,4,static[2],,2.016491413116455,1.717431664466858,0.16052912048092038,0,144.99999999999997,0.0,17,cost_budget,0.9444444444444444,0.0,1.0,relative_loss<=0.2,0,,
headroom_micro-neural_step_size_fixed_b8_9f3194be.jsonl,exploratory ablation,fixed_eval,8,150.0,mlp_d32_h128_c5_n512_cs128,,128,4,static[4],best_static,2.016491413116455,0.21933136880397797,2.218530670197321,0,145.40000000000003,0.0,19,cost_budget,0.2,0.0,0.15,relative_loss<=0.2,1,101.00000000000001,13
headroom_micro-neural_step_size_fixed_b8_9f3194be.jsonl,exploratory ablation,fixed_eval,8,150.0,mlp_d32_h128_c5_n512_cs128,,128,4,static[6],,2.016491413116455,0.40488505363464355,1.605511147357177,0,147.40000000000003,0.0,14,cost_budget,0.26666666666666666,0.0,0.3333333333333333,relative_loss<=0.2,1,157.80000000000004,15
headroom_micro-neural_step_size_fixed_b8_9f3194be.jsonl,exploratory ablation,fixed_eval,8,150.0,mlp_d32_h128_c5_n512_cs128,,128,4,static[8],,2.016491413116455,0.9942558407783508,0.7071197973660484,0,145.00000000000006,0.0,24,cost_budget,0.08,0.0,0.04,relative_loss<=0.2,0,,
headroom_micro-neural_step_size_fixed_b8_9f3194be.jsonl,exploratory ablation,fixed_eval,8,150.0,mlp_d32_h128_c5_n512_cs64,,64,2,best_static@easy,,1.845354676246643,0.621673047542572,1.0880124669469367,0,146.8,0.0,14,cost_budget,0.26666666666666666,0.0,0.26666666666666666,relative_loss<=0.5,1,97.8,9
headroom_micro-neural_step_size_fixed_b8_9f3194be.jsonl,exploratory ablation,fixed_eval,8,150.0,mlp_d32_h128_c5_n512_cs64,,64,2,best_static@hard,,1.845354676246643,0.621673047542572,1.0880124669469367,0,146.8,0.0,14,cost_budget,0.26666666666666666,0.0,0.26666666666666666,relative_loss<=0.1,0,,
headroom_micro-neural_step_size_fixed_b8_9f3194be.jsonl,exploratory ablation,fixed_eval,8,150.0,mlp_d32_h128_c5_n512_cs64,,64,2,best_static@medium,,1.845354676246643,0.621673047542572,1.0880124669469367,0,146.8,0.0,14,cost_budget,0.26666666666666666,0.0,0.26666666666666666,relative_loss<=0.2,0,,
headroom_micro-neural_step_size_fixed_b8_9f3194be.jsonl,exploratory ablation,fixed_eval,8,150.0,mlp_d32_h128_c5_n512_cs64,,64,2,committed_Q4_narrow,,1.845354676246643,1.7933199405670166,0.028602878073086924,0,144.0,2822.3999999999996,12,cost_budget,0.9230769230769231,0.0,1.0,relative_loss<=0.2,0,,
headroom_micro-neural_step_size_fixed_b8_9f3194be.jsonl,exploratory ablation,fixed_eval,8,150.0,mlp_d32_h128_c5_n512_cs64,,64,2,heuristic,,1.845354676246643,1.170317530632019,0.4553963897738413,0,142.79999999999998,0.0,15,cost_budget,0.125,0.0,0.125,relative_loss<=0.2,0,,
headroom_micro-neural_step_size_fixed_b8_9f3194be.jsonl,exploratory ablation,fixed_eval,8,150.0,mlp_d32_h128_c5_n512_cs64,,64,2,onestep_absolute,,1.845354676246643,0.5420176386833191,1.2251282298413422,0,147.0,11029.8,15,cost_budget,0.0,0.0,0.0,relative_loss<=0.2,0,,
headroom_micro-neural_step_size_fixed_b8_9f3194be.jsonl,exploratory ablation,fixed_eval,8,150.0,mlp_d32_h128_c5_n512_cs64,,64,2,onestep_narrow,,1.845354676246643,1.6976056098937988,0.08345270199050547,0,144.0,867.4,12,cost_budget,0.9230769230769231,0.0,1.0,relative_loss<=0.2,0,,
headroom_micro-neural_step_size_fixed_b8_9f3194be.jsonl,exploratory ablation,fixed_eval,8,150.0,mlp_d32_h128_c5_n512_cs64,,64,2,onestep_wide,,1.845354676246643,0.49870631098747253,1.3084094070979828,0,147.0,2905.2,15,cost_budget,0.0,0.0,0.0,relative_loss<=0.2,0,,
headroom_micro-neural_step_size_fixed_b8_9f3194be.jsonl,exploratory ablation,fixed_eval,8,150.0,mlp_d32_h128_c5_n512_cs64,,64,2,open_loop[0],,1.845354676246643,0.7636670470237732,0.88229488259543,0,146.79999999999998,0.0,11,cost_budget,0.4166666666666667,0.0,0.4166666666666667,relative_loss<=0.2,0,,
headroom_micro-neural_step_size_fixed_b8_9f3194be.jsonl,exploratory ablation,fixed_eval,8,150.0,mlp_d32_h128_c5_n512_cs64,,64,2,open_loop[1],best_open_loop,1.845354676246643,0.6701730489730835,1.0128908133622905,0,142.20000000000002,0.0,12,cost_budget,0.3076923076923077,0.0,0.38461538461538464,relative_loss<=0.2,0,,
headroom_micro-neural_step_size_fixed_b8_9f3194be.jsonl,exploratory ablation,fixed_eval,8,150.0,mlp_d32_h128_c5_n512_cs64,,64,2,open_loop[2],,1.845354676246643,1.290036916732788,0.35800065987905655,0,143.60000000000002,0.0,12,cost_budget,0.7692307692307693,0.0,0.8461538461538461,relative_loss<=0.2,0,,
headroom_micro-neural_step_size_fixed_b8_9f3194be.jsonl,exploratory ablation,fixed_eval,8,150.0,mlp_d32_h128_c5_n512_cs64,,64,2,open_loop[3],,1.845354676246643,1.460808277130127,0.23368159846049924,0,143.6,0.0,16,cost_budget,0.11764705882352941,0.0,0.058823529411764705,relative_loss<=0.2,0,,
headroom_micro-neural_step_size_fixed_b8_9f3194be.jsonl,exploratory ablation,fixed_eval,8,150.0,mlp_d32_h128_c5_n512_cs64,,64,2,open_loop[4],,1.845354676246643,0.7869451642036438,0.8522682054544064,0,144.6,0.0,12,cost_budget,0.38461538461538464,0.0,0.38461538461538464,relative_loss<=0.2,0,,
headroom_micro-neural_step_size_fixed_b8_9f3194be.jsonl,exploratory ablation,fixed_eval,8,150.0,mlp_d32_h128_c5_n512_cs64,,64,2,open_loop[5],,1.845354676246643,0.8621667623519897,0.7609780626897636,0,146.4,0.0,15,cost_budget,0.0625,0.0,0.0625,relative_loss<=0.2,0,,
headroom_micro-neural_step_size_fixed_b8_9f3194be.jsonl,exploratory ablation,fixed_eval,8,150.0,mlp_d32_h128_c5_n512_cs64,,64,2,shrinking_Q4@easy,,1.845354676246643,0.6786026358604431,1.00039103784266,0,141.4,12727.0,13,cost_budget,0.35714285714285715,0.0,0.42857142857142855,relative_loss<=0.5,1,112.0,10
headroom_micro-neural_step_size_fixed_b8_9f3194be.jsonl,exploratory ablation,fixed_eval,8,150.0,mlp_d32_h128_c5_n512_cs64,,64,2,shrinking_Q4@hard,,1.845354676246643,0.6777125597000122,1.0017035296456234,0,147.4,18302.4,13,cost_budget,0.35714285714285715,0.0,0.42857142857142855,relative_loss<=0.1,0,,
headroom_micro-neural_step_size_fixed_b8_9f3194be.jsonl,exploratory ablation,fixed_eval,8,150.0,mlp_d32_h128_c5_n512_cs64,,64,2,shrinking_Q4@medium,,1.845354676246643,0.6777125597000122,1.0017035296456234,0,147.4,18302.4,13,cost_budget,0.35714285714285715,0.0,0.42857142857142855,relative_loss<=0.2,0,,
headroom_micro-neural_step_size_fixed_b8_9f3194be.jsonl,exploratory ablation,fixed_eval,8,150.0,mlp_d32_h128_c5_n512_cs64,,64,2,shrinking_Q4_narrow,,1.845354676246643,0.6777125597000122,1.0017035296456234,0,147.4,18302.4,13,cost_budget,0.35714285714285715,0.0,0.42857142857142855,relative_loss<=0.2,0,,
headroom_micro-neural_step_size_fixed_b8_9f3194be.jsonl,exploratory ablation,fixed_eval,8,150.0,mlp_d32_h128_c5_n512_cs64,,64,2,static[0],,1.845354676246643,1.7933199405670166,0.028602878073086924,0,144.0,0.0,12,cost_budget,0.9230769230769231,0.0,1.0,relative_loss<=0.2,0,,
headroom_micro-neural_step_size_fixed_b8_9f3194be.jsonl,exploratory ablation,fixed_eval,8,150.0,mlp_d32_h128_c5_n512_cs64,,64,2,static[10],,1.845354676246643,1.4615349769592285,0.23318425794920672,0,144.6,0.0,16,cost_budget,0.11764705882352941,0.0,0.11764705882352941,relative_loss<=0.2,0,,
headroom_micro-neural_step_size_fixed_b8_9f3194be.jsonl,exploratory ablation,fixed_eval,8,150.0,mlp_d32_h128_c5_n512_cs64,,64,2,static[2],,1.845354676246643,1.7933199405670166,0.028602878073086924,0,144.0,0.0,12,cost_budget,0.9230769230769231,0.0,1.0,relative_loss<=0.2,0,,
headroom_micro-neural_step_size_fixed_b8_9f3194be.jsonl,exploratory ablation,fixed_eval,8,150.0,mlp_d32_h128_c5_n512_cs64,,64,2,static[4],best_static,1.845354676246643,0.621673047542572,1.0880124669469367,0,146.8,0.0,14,cost_budget,0.26666666666666666,0.0,0.26666666666666666,relative_loss<=0.2,0,,
headroom_micro-neural_step_size_fixed_b8_9f3194be.jsonl,exploratory ablation,fixed_eval,8,150.0,mlp_d32_h128_c5_n512_cs64,,64,2,static[6],,1.845354676246643,0.7638528943061829,0.8820515505402493,0,134.6,0.0,10,cost_budget,0.36363636363636365,0.0,0.45454545454545453,relative_loss<=0.2,0,,
headroom_micro-neural_step_size_fixed_b8_9f3194be.jsonl,exploratory ablation,fixed_eval,8,150.0,mlp_d32_h128_c5_n512_cs64,,64,2,static[8],,1.845354676246643,1.0379278659820557,0.5754452064100992,0,148.0,0.0,17,cost_budget,0.05555555555555555,0.0,0.05555555555555555,relative_loss<=0.2,0,,
headroom_micro-neural_step_size_fixed_b8_9f3194be.jsonl,exploratory ablation,fixed_eval,8,150.0,mlp_d32_h128_c5_n512_cs64,,64,3,best_static@easy,,2.040332317352295,0.665461540222168,1.1203871288697151,0,146.8,0.0,14,cost_budget,0.26666666666666666,0.0,0.26666666666666666,relative_loss<=0.5,1,97.8,9
headroom_micro-neural_step_size_fixed_b8_9f3194be.jsonl,exploratory ablation,fixed_eval,8,150.0,mlp_d32_h128_c5_n512_cs64,,64,3,best_static@hard,,2.040332317352295,0.665461540222168,1.1203871288697151,0,146.8,0.0,14,cost_budget,0.26666666666666666,0.0,0.26666666666666666,relative_loss<=0.1,0,,
headroom_micro-neural_step_size_fixed_b8_9f3194be.jsonl,exploratory ablation,fixed_eval,8,150.0,mlp_d32_h128_c5_n512_cs64,,64,3,best_static@medium,,2.040332317352295,0.665461540222168,1.1203871288697151,0,146.8,0.0,14,cost_budget,0.26666666666666666,0.0,0.26666666666666666,relative_loss<=0.2,0,,
headroom_micro-neural_step_size_fixed_b8_9f3194be.jsonl,exploratory ablation,fixed_eval,8,150.0,mlp_d32_h128_c5_n512_cs64,,64,3,committed_Q4_narrow,,2.040332317352295,1.8969531059265137,0.07286372472789449,0,144.0,2822.3999999999996,12,cost_budget,0.9230769230769231,0.0,1.0,relative_loss<=0.2,0,,
headroom_micro-neural_step_size_fixed_b8_9f3194be.jsonl,exploratory ablation,fixed_eval,8,150.0,mlp_d32_h128_c5_n512_cs64,,64,3,heuristic,,2.040332317352295,1.3796648979187012,0.3912720531655674,0,145.6,0.0,16,cost_budget,0.11764705882352941,0.0,0.17647058823529413,relative_loss<=0.2,0,,
headroom_micro-neural_step_size_fixed_b8_9f3194be.jsonl,exploratory ablation,fixed_eval,8,150.0,mlp_d32_h128_c5_n512_cs64,,64,3,onestep_absolute,,2.040332317352295,0.590087890625,1.2405964812680033,0,147.0,11000.8,15,cost_budget,0.0,0.0,0.0,relative_loss<=0.2,0,,
headroom_micro-neural_step_size_fixed_b8_9f3194be.jsonl,exploratory ablation,fixed_eval,8,150.0,mlp_d32_h128_c5_n512_cs64,,64,3,onestep_narrow,,2.040332317352295,1.1483442783355713,0.5747915482934587,0,146.60000000000002,1017.2,13,cost_budget,0.5714285714285714,0.0,0.7142857142857143,relative_loss<=0.2,0,,
headroom_micro-neural_step_size_fixed_b8_9f3194be.jsonl,exploratory ablation,fixed_eval,8,150.0,mlp_d32_h128_c5_n512_cs64,,64,3,onestep_wide,,2.040332317352295,0.5593855381011963,1.2940290463190216,0,147.0,2928.2,15,cost_budget,0.0,0.0,0.0,relative_loss<=0.2,0,,
headroom_micro-neural_step_size_fixed_b8_9f3194be.jsonl,exploratory ablation,fixed_eval,8,150.0,mlp_d32_h128_c5_n512_cs64,,64,3,open_loop[0],,2.040332317352295,0.8220027685165405,0.909124211158783,0,149.4,0.0,11,cost_budget,0.3333333333333333,0.0,0.4166666666666667,relative_loss<=0.2,0,,
headroom_micro-neural_step_size_fixed_b8_9f3194be.jsonl,exploratory ablation,fixed_eval,8,150.0,mlp_d32_h128_c5_n512_cs64,,64,3,open_loop[1],best_open_loop,2.040332317352295,0.7590864896774292,0.9887522511865265,0,143.20000000000002,0.0,12,cost_budget,0.3076923076923077,0.0,0.38461538461538464,relative_loss<=0.2,0,,
headroom_micro-neural_step_size_fixed_b8_9f3194be.jsonl,exploratory ablation,fixed_eval,8,150.0,mlp_d32_h128_c5_n512_cs64,,64,3,open_loop[2],,2.040332317352295,1.3713366985321045,0.39732673873131313,0,144.60000000000002,0.0,12,cost_budget,0.7692307692307693,0.0,0.8461538461538461,relative_loss<=0.2,0,,
headroom_micro-neural_step_size_fixed_b8_9f3194be.jsonl,exploratory ablation,fixed_eval,8,150.0,mlp_d32_h128_c5_n512_cs64,,64,3,open_loop[3],,2.040332317352295,1.5622035264968872,0.26701535366920354,0,143.6,0.0,16,cost_budget,0.11764705882352941,0.0,0.058823529411764705,relative_loss<=0.2,0,,
headroom_micro-neural_step_size_fixed_b8_9f3194be.jsonl,exploratory ablation,fixed_eval,8,150.0,mlp_d32_h128_c5_n512_cs64,,64,3,open_loop[4],,2.040332317352295,0.9156386256217957,0.8012462009144025,0,147.6,0.0,12,cost_budget,0.38461538461538464,0.0,0.38461538461538464,relative_loss<=0.2,0,,
headroom_micro-neural_step_size_fixed_b8_9f3194be.jsonl,exploratory ablation,fixed_eval,8,150.0,mlp_d32_h128_c5_n512_cs64,,64,3,open_loop[5],,2.040332317352295,0.8934623003005981,0.825763833809124,0,146.4,0.0,15,cost_budget,0.0625,0.0,0.0625,relative_loss<=0.2,0,,
headroom_micro-neural_step_size_fixed_b8_9f3194be.jsonl,exploratory ablation,fixed_eval,8,150.0,mlp_d32_h128_c5_n512_cs64,,64,3,shrinking_Q4@easy,,2.040332317352295,1.0351117849349976,0.6786032695987916,0,146.60000000000002,15648.0,13,cost_budget,0.5714285714285714,0.0,0.6428571428571429,relative_loss<=0.5,1,156.40000000000003,14
headroom_micro-neural_step_size_fixed_b8_9f3194be.jsonl,exploratory ablation,fixed_eval,8,150.0,mlp_d32_h128_c5_n512_cs64,,64,3,shrinking_Q4@hard,,2.040332317352295,1.0351117849349976,0.6786032695987916,0,146.60000000000002,16218.8,13,cost_budget,0.5714285714285714,0.0,0.6428571428571429,relative_loss<=0.1,0,,
headroom_micro-neural_step_size_fixed_b8_9f3194be.jsonl,exploratory ablation,fixed_eval,8,150.0,mlp_d32_h128_c5_n512_cs64,,64,3,shrinking_Q4@medium,,2.040332317352295,1.0351117849349976,0.6786032695987916,0,146.60000000000002,16218.8,13,cost_budget,0.5714285714285714,0.0,0.6428571428571429,relative_loss<=0.2,0,,
headroom_micro-neural_step_size_fixed_b8_9f3194be.jsonl,exploratory ablation,fixed_eval,8,150.0,mlp_d32_h128_c5_n512_cs64,,64,3,shrinking_Q4_narrow,,2.040332317352295,1.0351117849349976,0.6786032695987916,0,146.60000000000002,16218.8,13,cost_budget,0.5714285714285714,0.0,0.6428571428571429,relative_loss<=0.2,0,,
headroom_micro-neural_step_size_fixed_b8_9f3194be.jsonl,exploratory ablation,fixed_eval,8,150.0,mlp_d32_h128_c5_n512_cs64,,64,3,static[0],,2.040332317352295,1.8969531059265137,0.07286372472789449,0,144.0,0.0,12,cost_budget,0.9230769230769231,0.0,1.0,relative_loss<=0.2,0,,
headroom_micro-neural_step_size_fixed_b8_9f3194be.jsonl,exploratory ablation,fixed_eval,8,150.0,mlp_d32_h128_c5_n512_cs64,,64,3,static[10],,2.040332317352295,1.5630372762680054,0.2664817949174042,0,144.6,0.0,16,cost_budget,0.11764705882352941,0.0,0.11764705882352941,relative_loss<=0.2,0,,
headroom_micro-neural_step_size_fixed_b8_9f3194be.jsonl,exploratory ablation,fixed_eval,8,150.0,mlp_d32_h128_c5_n512_cs64,,64,3,static[2],,2.040332317352295,1.8969531059265137,0.07286372472789449,0,144.0,0.0,12,cost_budget,0.9230769230769231,0.0,1.0,relative_loss<=0.2,0,,
headroom_micro-neural_step_size_fixed_b8_9f3194be.jsonl,exploratory ablation,fixed_eval,8,150.0,mlp_d32_h128_c5_n512_cs64,,64,3,static[4],best_static,2.040332317352295,0.665461540222168,1.1203871288697151,0,146.8,0.0,14,cost_budget,0.26666666666666666,0.0,0.26666666666666666,relative_loss<=0.2,0,,
headroom_micro-neural_step_size_fixed_b8_9f3194be.jsonl,exploratory ablation,fixed_eval,8,150.0,mlp_d32_h128_c5_n512_cs64,,64,3,static[6],,2.040332317352295,0.8538305163383484,0.8711352587614285,0,139.6,0.0,10,cost_budget,0.36363636363636365,0.0,0.45454545454545453,relative_loss<=0.2,0,,
headroom_micro-neural_step_size_fixed_b8_9f3194be.jsonl,exploratory ablation,fixed_eval,8,150.0,mlp_d32_h128_c5_n512_cs64,,64,3,static[8],,2.040332317352295,1.0979509353637695,0.6196670386242763,0,148.0,0.0,17,cost_budget,0.1111111111111111,0.0,0.05555555555555555,relative_loss<=0.2,0,,
headroom_micro-neural_step_size_fixed_b8_9f3194be.jsonl,exploratory ablation,fixed_eval,8,150.0,mlp_d32_h128_c5_n512_cs64,,64,4,best_static@easy,,2.016491413116455,0.5106396675109863,1.3734501661682053,0,146.8,0.0,14,cost_budget,0.26666666666666666,0.0,0.2,relative_loss<=0.5,1,88.0,8
headroom_micro-neural_step_size_fixed_b8_9f3194be.jsonl,exploratory ablation,fixed_eval,8,150.0,mlp_d32_h128_c5_n512_cs64,,64,4,best_static@hard,,2.016491413116455,0.5106396675109863,1.3734501661682053,0,146.8,0.0,14,cost_budget,0.26666666666666666,0.0,0.2,relative_loss<=0.1,0,,
headroom_micro-neural_step_size_fixed_b8_9f3194be.jsonl,exploratory ablation,fixed_eval,8,150.0,mlp_d32_h128_c5_n512_cs64,,64,4,best_static@medium,,2.016491413116455,0.5106396675109863,1.3734501661682053,0,146.8,0.0,14,cost_budget,0.26666666666666666,0.0,0.2,relative_loss<=0.2,0,,
headroom_micro-neural_step_size_fixed_b8_9f3194be.jsonl,exploratory ablation,fixed_eval,8,150.0,mlp_d32_h128_c5_n512_cs64,,64,4,committed_Q4_narrow,,2.016491413116455,1.7321714162826538,0.15198330162838747,0,144.0,2822.3999999999996,12,cost_budget,0.9230769230769231,0.0,1.0,relative_loss<=0.2,0,,
headroom_micro-neural_step_size_fixed_b8_9f3194be.jsonl,exploratory ablation,fixed_eval,8,150.0,mlp_d32_h128_c5_n512_cs64,,64,4,heuristic,,2.016491413116455,1.1348669528961182,0.574843655067151,0,146.6,0.0,16,cost_budget,0.11764705882352941,0.0,0.17647058823529413,relative_loss<=0.2,0,,
headroom_micro-neural_step_size_fixed_b8_9f3194be.jsonl,exploratory ablation,fixed_eval,8,150.0,mlp_d32_h128_c5_n512_cs64,,64,4,onestep_absolute,,2.016491413116455,0.46353238821029663,1.4702380959526862,0,147.0,11163.8,15,cost_budget,0.0,0.0,0.0,relative_loss<=0.2,0,,
headroom_micro-neural_step_size_fixed_b8_9f3194be.jsonl,exploratory ablation,fixed_eval,8,150.0,mlp_d32_h128_c5_n512_cs64,,64,4,onestep_narrow,,2.016491413116455,0.5088751316070557,1.376911690546994,0,146.8,1206.0,14,cost_budget,0.26666666666666666,0.0,0.4,relative_loss<=0.2,0,,
headroom_micro-neural_step_size_fixed_b8_9f3194be.jsonl,exploratory ablation,fixed_eval,8,150.0,mlp_d32_h128_c5_n512_cs64,,64,4,onestep_wide,,2.016491413116455,0.4169875681400299,1.5760579472530876,0,147.0,2901.2,15,cost_budget,0.0,0.0,0.0,relative_loss<=0.2,0,,
headroom_micro-neural_step_size_fixed_b8_9f3194be.jsonl,exploratory ablation,fixed_eval,8,150.0,mlp_d32_h128_c5_n512_cs64,,64,4,open_loop[0],,2.016491413116455,0.6528471112251282,1.1277713870170798,0,147.4,0.0,11,cost_budget,0.4166666666666667,0.0,0.4166666666666667,relative_loss<=0.2,0,,
headroom_micro-neural_step_size_fixed_b8_9f3194be.jsonl,exploratory ablation,fixed_eval,8,150.0,mlp_d32_h128_c5_n512_cs64,,64,4,open_loop[1],best_open_loop,2.016491413116455,0.5786046981811523,1.248494843572459,0,143.20000000000002,0.0,12,cost_budget,0.3076923076923077,0.0,0.38461538461538464,relative_loss<=0.2,0,,
headroom_micro-neural_step_size_fixed_b8_9f3194be.jsonl,exploratory ablation,fixed_eval,8,150.0,mlp_d32_h128_c5_n512_cs64,,64,4,open_loop[2],,2.016491413116455,1.420145034790039,0.35060007343790306,0,144.60000000000002,0.0,12,cost_budget,0.7692307692307693,0.0,0.8461538461538461,relative_loss<=0.2,0,,
headroom_micro-neural_step_size_fixed_b8_9f3194be.jsonl,exploratory ablation,fixed_eval,8,150.0,mlp_d32_h128_c5_n512_cs64,,64,4,open_loop[3],,2.016491413116455,1.4856231212615967,0.3055247824914504,0,143.6,0.0,16,cost_budget,0.11764705882352941,0.0,0.058823529411764705,relative_loss<=0.2,0,,
headroom_micro-neural_step_size_fixed_b8_9f3194be.jsonl,exploratory ablation,fixed_eval,8,150.0,mlp_d32_h128_c5_n512_cs64,,64,4,open_loop[4],,2.016491413116455,0.734635055065155,1.0097405038104095,0,144.6,0.0,12,cost_budget,0.38461538461538464,0.0,0.38461538461538464,relative_loss<=0.2,0,,
headroom_micro-neural_step_size_fixed_b8_9f3194be.jsonl,exploratory ablation,fixed_eval,8,150.0,mlp_d32_h128_c5_n512_cs64,,64,4,open_loop[5],,2.016491413116455,0.722432017326355,1.0264910341000912,0,146.4,0.0,15,cost_budget,0.0625,0.0,0.0625,relative_loss<=0.2,0,,
headroom_micro-neural_step_size_fixed_b8_9f3194be.jsonl,exploratory ablation,fixed_eval,8,150.0,mlp_d32_h128_c5_n512_cs64,,64,4,shrinking_Q4@easy,,2.016491413116455,0.5088751316070557,1.376911690546994,0,146.8,8586.0,14,cost_budget,0.26666666666666666,0.0,0.4,relative_loss<=0.5,1,97.8,9
headroom_micro-neural_step_size_fixed_b8_9f3194be.jsonl,exploratory ablation,fixed_eval,8,150.0,mlp_d32_h128_c5_n512_cs64,,64,4,shrinking_Q4@hard,,2.016491413116455,0.5606473684310913,1.2800222248798274,0,144.0,13601.4,13,cost_budget,0.2857142857142857,0.0,0.42857142857142855,relative_loss<=0.1,0,,
headroom_micro-neural_step_size_fixed_b8_9f3194be.jsonl,exploratory ablation,fixed_eval,8,150.0,mlp_d32_h128_c5_n512_cs64,,64,4,shrinking_Q4@medium,,2.016491413116455,0.5606473684310913,1.2800222248798274,0,144.0,13601.4,13,cost_budget,0.2857142857142857,0.0,0.42857142857142855,relative_loss<=0.2,0,,
headroom_micro-neural_step_size_fixed_b8_9f3194be.jsonl,exploratory ablation,fixed_eval,8,150.0,mlp_d32_h128_c5_n512_cs64,,64,4,shrinking_Q4_narrow,,2.016491413116455,0.5606473684310913,1.2800222248798274,0,144.0,13601.4,13,cost_budget,0.2857142857142857,0.0,0.42857142857142855,relative_loss<=0.2,0,,
headroom_micro-neural_step_size_fixed_b8_9f3194be.jsonl,exploratory ablation,fixed_eval,8,150.0,mlp_d32_h128_c5_n512_cs64,,64,4,static[0],,2.016491413116455,1.7321714162826538,0.15198330162838747,0,144.0,0.0,12,cost_budget,0.9230769230769231,0.0,1.0,relative_loss<=0.2,0,,
headroom_micro-neural_step_size_fixed_b8_9f3194be.jsonl,exploratory ablation,fixed_eval,8,150.0,mlp_d32_h128_c5_n512_cs64,,64,4,static[10],,2.016491413116455,1.4866344928741455,0.3048442414463052,0,144.6,0.0,16,cost_budget,0.11764705882352941,0.0,0.11764705882352941,relative_loss<=0.2,0,,
headroom_micro-neural_step_size_fixed_b8_9f3194be.jsonl,exploratory ablation,fixed_eval,8,150.0,mlp_d32_h128_c5_n512_cs64,,64,4,static[2],,2.016491413116455,1.7321714162826538,0.15198330162838747,0,144.0,0.0,12,cost_budget,0.9230769230769231,0.0,1.0,relative_loss<=0.2,0,,
headroom_micro-neural_step_size_fixed_b8_9f3194be.jsonl,exploratory ablation,fixed_eval,8,150.0,mlp_d32_h128_c5_n512_cs64,,64,4,static[4],best_static,2.016491413116455,0.5106396675109863,1.3734501661682053,0,146.8,0.0,14,cost_budget,0.26666666666666666,0.0,0.2,relative_loss<=0.2,0,,
headroom_micro-neural_step_size_fixed_b8_9f3194be.jsonl,exploratory ablation,fixed_eval,8,150.0,mlp_d32_h128_c5_n512_cs64,,64,4,static[6],,2.016491413116455,0.6546841859817505,1.1249613954408173,0,137.6,0.0,10,cost_budget,0.36363636363636365,0.0,0.45454545454545453,relative_loss<=0.2,0,,
headroom_micro-neural_step_size_fixed_b8_9f3194be.jsonl,exploratory ablation,fixed_eval,8,150.0,mlp_d32_h128_c5_n512_cs64,,64,4,static[8],,2.016491413116455,0.9120861887931824,0.7933798651289736,0,149.0,0.0,17,cost_budget,0.05555555555555555,0.0,0.05555555555555555,relative_loss<=0.2,0,,
headroom_micro-neural_step_size_fixed_b8_9f3194be.jsonl,exploratory ablation,fixed_eval,8,150.0,mlp_d32_h128_c5_n512_fb,,full,2,best_static@easy,,1.845354676246643,0.011145569384098053,5.1093847201666245,0,148.79999999999993,0.0,27,cost_budget,0.07142857142857142,0.0,0.03571428571428571,relative_loss<=0.5,1,5.6,1
headroom_micro-neural_step_size_fixed_b8_9f3194be.jsonl,exploratory ablation,fixed_eval,8,150.0,mlp_d32_h128_c5_n512_fb,,full,2,best_static@hard,,1.845354676246643,0.011145569384098053,5.1093847201666245,0,148.79999999999993,0.0,27,cost_budget,0.07142857142857142,0.0,0.03571428571428571,relative_loss<=0.1,1,39.800000000000004,7
headroom_micro-neural_step_size_fixed_b8_9f3194be.jsonl,exploratory ablation,fixed_eval,8,150.0,mlp_d32_h128_c5_n512_fb,,full,2,best_static@medium,,1.845354676246643,0.011145569384098053,5.1093847201666245,0,148.79999999999993,0.0,27,cost_budget,0.07142857142857142,0.0,0.03571428571428571,relative_loss<=0.2,1,28.6,5
headroom_micro-neural_step_size_fixed_b8_9f3194be.jsonl,exploratory ablation,fixed_eval,8,150.0,mlp_d32_h128_c5_n512_fb,,full,2,committed_Q4_narrow,,1.845354676246643,2.7939675018018306e-09,20.30847470306859,0,147.09999999999994,21096.1,23,cost_budget,0.041666666666666664,0.0,0.041666666666666664,relative_loss<=0.2,1,16.799999999999997,3
headroom_micro-neural_step_size_fixed_b8_9f3194be.jsonl,exploratory ablation,fixed_eval,8,150.0,mlp_d32_h128_c5_n512_fb,,full,2,heuristic,,1.845354676246643,0.004973257426172495,5.916351731290536,0,135.1,0.0,12,cost_budget,0.23076923076923078,0.0,0.6153846153846154,relative_loss<=0.2,1,66.80000000000001,7
headroom_micro-neural_step_size_fixed_b8_9f3194be.jsonl,exploratory ablation,fixed_eval,8,150.0,mlp_d32_h128_c5_n512_fb,,full,2,onestep_absolute,,1.845354676246643,3.7252898543727042e-09,20.02079267035324,0,147.59999999999994,9529.2,21,cost_budget,0.045454545454545456,0.0,0.09090909090909091,relative_loss<=0.2,1,18.799999999999997,3
headroom_micro-neural_step_size_fixed_b8_9f3194be.jsonl,exploratory ablation,fixed_eval,8,150.0,mlp_d32_h128_c5_n512_fb,,full,2,onestep_narrow,,1.845354676246643,9.778886145284105e-09,19.055711745926487,0,145.09999999999994,2344.4,23,cost_budget,0.041666666666666664,0.0,0.041666666666666664,relative_loss<=0.2,1,18.799999999999997,3
headroom_micro-neural_step_size_fixed_b8_9f3194be.jsonl,exploratory ablation,fixed_eval,8,150.0,mlp_d32_h128_c5_n512_fb,,full,2,onestep_wide,,1.845354676246643,1.1641531294515062e-08,18.88135834424953,0,145.59999999999994,4514.8,21,cost_budget,0.0,0.0,0.0,relative_loss<=0.2,1,18.799999999999997,3
headroom_micro-neural_step_size_fixed_b8_9f3194be.jsonl,exploratory ablation,fixed_eval,8,150.0,mlp_d32_h128_c5_n512_fb,,full,2,open_loop[0],,1.845354676246643,0.04087473824620247,3.8099145490133317,0,148.29999999999995,0.0,19,cost_budget,0.15,0.0,0.2,relative_loss<=0.2,1,71.7,8
headroom_micro-neural_step_size_fixed_b8_9f3194be.jsonl,exploratory ablation,fixed_eval,8,150.0,mlp_d32_h128_c5_n512_fb,,full,2,open_loop[1],best_open_loop,1.845354676246643,0.021673534065485,4.444334886571765,0,148.79999999999993,0.0,22,cost_budget,0.08695652173913043,0.0,0.043478260869565216,relative_loss<=0.2,1,28.6,5
headroom_micro-neural_step_size_fixed_b8_9f3194be.jsonl,exploratory ablation,fixed_eval,8,150.0,mlp_d32_h128_c5_n512_fb,,full,2,open_loop[2],,1.845354676246643,0.2620992660522461,1.9517034643806785,0,150.0,0.0,22,cost_budget,0.7272727272727273,0.0,0.7727272727272727,relative_loss<=0.2,1,131.20000000000002,19
headroom_micro-neural_step_size_fixed_b8_9f3194be.jsonl,exploratory ablation,fixed_eval,8,150.0,mlp_d32_h128_c5_n512_fb,,full,2,open_loop[3],,1.845354676246643,0.31179672479629517,1.778075322060329,0,148.1999999999999,0.0,36,cost_budget,0.05405405405405406,0.0,0.02702702702702703,relative_loss<=0.2,1,20.799999999999997,3
headroom_micro-neural_step_size_fixed_b8_9f3194be.jsonl,exploratory ablation,fixed_eval,8,150.0,mlp_d32_h128_c5_n512_fb,,full,2,open_loop[4],,1.845354676246643,0.01823544315993786,4.617059647771125,0,143.89999999999995,0.0,20,cost_budget,0.14285714285714285,0.0,0.19047619047619047,relative_loss<=0.2,1,71.7,8
headroom_micro-neural_step_size_fixed_b8_9f3194be.jsonl,exploratory ablation,fixed_eval,8,150.0,mlp_d32_h128_c5_n512_fb,,full,2,open_loop[5],,1.845354676246643,0.36987343430519104,1.607265896773872,0,149.7999999999999,0.0,38,cost_budget,0.0,0.0,0.02564102564102564,relative_loss<=0.2,0,,
headroom_micro-neural_step_size_fixed_b8_9f3194be.jsonl,exploratory ablation,fixed_eval,8,150.0,mlp_d32_h128_c5_n512_fb,,full,2,shrinking_Q4@easy,,1.845354676246643,4.027969779940577e-08,17.640089767087044,0,145.59999999999994,3017.0,26,cost_budget,0.0,0.0,0.037037037037037035,relative_loss<=0.5,1,5.6,1
headroom_micro-neural_step_size_fixed_b8_9f3194be.jsonl,exploratory ablation,fixed_eval,8,150.0,mlp_d32_h128_c5_n512_fb,,full,2,shrinking_Q4@hard,,1.845354676246643,7.4505797087454084e-09,19.327645489793298,0,147.59999999999994,3910.3,26,cost_budget,0.0,0.0,0.037037037037037035,relative_loss<=0.1,1,18.799999999999997,3
headroom_micro-neural_step_size_fixed_b8_9f3194be.jsonl,exploratory ablation,fixed_eval,8,150.0,mlp_d32_h128_c5_n512_fb,,full,2,shrinking_Q4@medium,,1.845354676246643,4.027969779940577e-08,17.640089767087044,0,145.59999999999994,3525.7,26,cost_budget,0.0,0.0,0.037037037037037035,relative_loss<=0.2,1,16.799999999999997,3
headroom_micro-neural_step_size_fixed_b8_9f3194be.jsonl,exploratory ablation,fixed_eval,8,150.0,mlp_d32_h128_c5_n512_fb,,full,2,shrinking_Q4_narrow,,1.845354676246643,7.217749065091539e-09,19.35939419195334,0,146.49999999999994,178791.8,22,cost_budget,0.043478260869565216,0.0,0.08695652173913043,relative_loss<=0.2,1,16.799999999999997,3
headroom_micro-neural_step_size_fixed_b8_9f3194be.jsonl,exploratory ablation,fixed_eval,8,150.0,mlp_d32_h128_c5_n512_fb,,full,2,static[0],,1.845354676246643,0.9247308969497681,0.6909240014777334,0,147.20000000000007,0.0,25,cost_budget,0.9615384615384616,0.0,0.038461538461538464,relative_loss<=0.2,0,,
headroom_micro-neural_step_size_fixed_b8_9f3194be.jsonl,exploratory ablation,fixed_eval,8,150.0,mlp_d32_h128_c5_n512_fb,,full,2,static[10],,1.845354676246643,0.6005743741989136,1.1225402868101226,0,148.2999999999999,0.0,35,cost_budget,0.027777777777777776,0.0,0.05555555555555555,relative_loss<=0.2,0,,
headroom_micro-neural_step_size_fixed_b8_9f3194be.jsonl,exploratory ablation,fixed_eval,8,150.0,mlp_d32_h128_c5_n512_fb,,full,2,static[2],,1.845354676246643,0.9261825680732727,0.6893554014879545,0,143.60000000000005,0.0,21,cost_budget,0.9545454545454546,0.0,1.0,relative_loss<=0.2,0,,
headroom_micro-neural_step_size_fixed_b8_9f3194be.jsonl,exploratory ablation,fixed_eval,8,150.0,mlp_d32_h128_c5_n512_fb,,full,2,static[4],best_static,1.845354676246643,0.011145569384098053,5.1093847201666245,0,148.79999999999993,0.0,27,cost_budget,0.07142857142857142,0.0,0.03571428571428571,relative_loss<=0.2,1,28.6,5
headroom_micro-neural_step_size_fixed_b8_9f3194be.jsonl,exploratory ablation,fixed_eval,8,150.0,mlp_d32_h128_c5_n512_fb,,full,2,static[6],,1.845354676246643,0.12826523184776306,2.666326530604802,0,144.69999999999996,0.0,18,cost_budget,0.15789473684210525,0.0,0.21052631578947367,relative_loss<=0.2,1,71.7,8
headroom_micro-neural_step_size_fixed_b8_9f3194be.jsonl,exploratory ablation,fixed_eval,8,150.0,mlp_d32_h128_c5_n512_fb,,full,2,static[8],,1.845354676246643,0.37098613381385803,1.6042620877034512,0,146.49999999999991,0.0,37,cost_budget,0.02631578947368421,0.0,0.02631578947368421,relative_loss<=0.2,0,,
headroom_micro-neural_step_size_fixed_b8_9f3194be.jsonl,exploratory ablation,fixed_eval,8,150.0,mlp_d32_h128_c5_n512_fb,,full,3,best_static@easy,,2.040332317352295,0.012858700007200241,5.066847348621624,0,145.19999999999993,0.0,26,cost_budget,0.07407407407407407,0.0,0.037037037037037035,relative_loss<=0.5,1,5.6,1
headroom_micro-neural_step_size_fixed_b8_9f3194be.jsonl,exploratory ablation,fixed_eval,8,150.0,mlp_d32_h128_c5_n512_fb,,full,3,best_static@hard,,2.040332317352295,0.012858700007200241,5.066847348621624,0,145.19999999999993,0.0,26,cost_budget,0.07407407407407407,0.0,0.037037037037037035,relative_loss<=0.1,1,45.400000000000006,8
headroom_micro-neural_step_size_fixed_b8_9f3194be.jsonl,exploratory ablation,fixed_eval,8,150.0,mlp_d32_h128_c5_n512_fb,,full,3,best_static@medium,,2.040332317352295,0.012858700007200241,5.066847348621624,0,145.19999999999993,0.0,26,cost_budget,0.07407407407407407,0.0,0.037037037037037035,relative_loss<=0.2,1,39.800000000000004,7
headroom_micro-neural_step_size_fixed_b8_9f3194be.jsonl,exploratory ablation,fixed_eval,8,150.0,mlp_d32_h128_c5_n512_fb,,full,3,committed_Q4_narrow,,2.040332317352295,6.752088221873009e-09,19.526526708954563,0,147.49999999999994,25664.9,22,cost_budget,0.043478260869565216,0.0,0.043478260869565216,relative_loss<=0.2,1,18.799999999999997,3
headroom_micro-neural_step_size_fixed_b8_9f3194be.jsonl,exploratory ablation,fixed_eval,8,150.0,mlp_d32_h128_c5_n512_fb,,full,3,heuristic,,2.040332317352295,0.012546838261187077,5.0913992717760435,0,131.2,0.0,11,cost_budget,0.16666666666666666,0.0,0.5,relative_loss<=0.2,1,70.80000000000001,7
headroom_micro-neural_step_size_fixed_b8_9f3194be.jsonl,exploratory ablation,fixed_eval,8,150.0,mlp_d32_h128_c5_n512_fb,,full,3,onestep_absolute,,2.040332317352295,8.381902283360887e-09,19.3103036406781,0,149.19999999999993,10134.8,22,cost_budget,0.0,0.0,0.043478260869565216,relative_loss<=0.2,1,16.799999999999997,3
headroom_micro-neural_step_size_fixed_b8_9f3194be.jsonl,exploratory ablation,fixed_eval,8,150.0,mlp_d32_h128_c5_n512_fb,,full,3,onestep_narrow,,2.040332317352295,1.6763804566721774e-08,18.617156460118157,0,145.49999999999994,2271.8,22,cost_budget,0.043478260869565216,0.0,0.043478260869565216,relative_loss<=0.2,1,18.799999999999997,3
headroom_micro-neural_step_size_fixed_b8_9f3194be.jsonl,exploratory ablation,fixed_eval,8,150.0,mlp_d32_h128_c5_n512_fb,,full,3,onestep_wide,,2.040332317352295,6.0535962909114005e-09,19.635726008508477,0,146.59999999999994,4386.8,21,cost_budget,0.045454545454545456,0.0,0.0,relative_loss<=0.2,1,13.2,2
headroom_micro-neural_step_size_fixed_b8_9f3194be.jsonl,exploratory ablation,fixed_eval,8,150.0,mlp_d32_h128_c5_n512_fb,,full,3,open_loop[0],,2.040332317352295,0.13131484389305115,2.743270146055467,0,145.69999999999993,0.0,18,cost_budget,0.15789473684210525,0.0,0.15789473684210525,relative_loss<=0.2,1,82.29999999999998,9
headroom_micro-neural_step_size_fixed_b8_9f3194be.jsonl,exploratory ablation,fixed_eval,8,150.0,mlp_d32_h128_c5_n512_fb,,full,3,open_loop[1],best_open_loop,2.040332317352295,0.06273631006479263,3.4819275863222403,0,147.69999999999993,0.0,23,cost_budget,0.125,0.0,0.125,relative_loss<=0.2,1,52.7,8
headroom_micro-neural_step_size_fixed_b8_9f3194be.jsonl,exploratory ablation,fixed_eval,8,150.0,mlp_d32_h128_c5_n512_fb,,full,3,open_loop[2],,2.040332317352295,0.343061625957489,1.7829578756920692,0,150.0,0.0,22,cost_budget,0.7272727272727273,0.0,0.7727272727272727,relative_loss<=0.2,1,131.20000000000002,19
headroom_micro-neural_step_size_fixed_b8_9f3194be.jsonl,exploratory ablation,fixed_eval,8,150.0,mlp_d32_h128_c5_n512_fb,,full,3,open_loop[3],,2.040332317352295,0.3770802915096283,1.6884098346355874,0,147.8999999999999,0.0,36,cost_budget,0.02702702702702703,0.0,0.02702702702702703,relative_loss<=0.2,1,20.799999999999997,3
headroom_micro-neural_step_size_fixed_b8_9f3194be.jsonl,exploratory ablation,fixed_eval,8,150.0,mlp_d32_h128_c5_n512_fb,,full,3,open_loop[4],,2.040332317352295,0.012711334973573685,5.078373861222513,0,146.29999999999993,0.0,19,cost_budget,0.15,0.0,0.2,relative_loss<=0.2,1,81.29999999999998,9
headroom_micro-neural_step_size_fixed_b8_9f3194be.jsonl,exploratory ablation,fixed_eval,8,150.0,mlp_d32_h128_c5_n512_fb,,full,3,open_loop[5],,2.040332317352295,0.4331808090209961,1.5497127605942895,0,149.7999999999999,0.0,38,cost_budget,0.0,0.0,0.02564102564102564,relative_loss<=0.2,0,,
headroom_micro-neural_step_size_fixed_b8_9f3194be.jsonl,exploratory ablation,fixed_eval,8,150.0,mlp_d32_h128_c5_n512_fb,,full,3,shrinking_Q4@easy,,2.040332317352295,5.681066994611683e-08,17.39665437294924,0,145.59999999999994,3002.5,26,cost_budget,0.0,0.0,0.037037037037037035,relative_loss<=0.5,1,5.6,1
headroom_micro-neural_step_size_fixed_b8_9f3194be.jsonl,exploratory ablation,fixed_eval,8,150.0,mlp_d32_h128_c5_n512_fb,,full,3,shrinking_Q4@hard,,2.040332317352295,4.912726225825281e-08,17.541964412010863,0,149.59999999999994,4079.9,26,cost_budget,0.0,0.0,0.037037037037037035,relative_loss<=0.1,1,20.799999999999997,3
headroom_micro-neural_step_size_fixed_b8_9f3194be.jsonl,exploratory ablation,fixed_eval,8,150.0,mlp_d32_h128_c5_n512_fb,,full,3,shrinking_Q4@medium,,2.040332317352295,5.681066994611683e-08,17.39665437294924,0,145.59999999999994,3519.1,26,cost_budget,0.0,0.0,0.037037037037037035,relative_loss<=0.2,1,16.799999999999997,3
headroom_micro-neural_step_size_fixed_b8_9f3194be.jsonl,exploratory ablation,fixed_eval,8,150.0,mlp_d32_h128_c5_n512_fb,,full,3,shrinking_Q4_narrow,,2.040332317352295,1.8160788428644992e-08,18.537113744293556,0,147.79999999999993,191572.2,23,cost_budget,0.0,0.0,0.041666666666666664,relative_loss<=0.2,1,18.799999999999997,3
headroom_micro-neural_step_size_fixed_b8_9f3194be.jsonl,exploratory ablation,fixed_eval,8,150.0,mlp_d32_h128_c5_n512_fb,,full,3,static[0],,2.040332317352295,0.935810923576355,0.7794545228885067,0,147.20000000000007,0.0,25,cost_budget,0.9615384615384616,0.0,0.038461538461538464,relative_loss<=0.2,0,,
headroom_micro-neural_step_size_fixed_b8_9f3194be.jsonl,exploratory ablation,fixed_eval,8,150.0,mlp_d32_h128_c5_n512_fb,,full,3,static[10],,2.040332317352295,0.3242450952529907,1.8393682775885523,0,146.79999999999987,0.0,33,cost_budget,0.0,0.0,0.029411764705882353,relative_loss<=0.2,1,28.799999999999997,3
headroom_micro-neural_step_size_fixed_b8_9f3194be.jsonl,exploratory ablation,fixed_eval,8,150.0,mlp_d32_h128_c5_n512_fb,,full,3,static[2],,2.040332317352295,0.9369441270828247,0.7782443233545349,0,143.60000000000005,0.0,21,cost_budget,0.9545454545454546,0.0,1.0,relative_loss<=0.2,0,,
headroom_micro-neural_step_size_fixed_b8_9f3194be.jsonl,exploratory ablation,fixed_eval,8,150.0,mlp_d32_h128_c5_n512_fb,,full,3,static[4],best_static,2.040332317352295,0.012858700007200241,5.066847348621624,0,145.19999999999993,0.0,26,cost_budget,0.07407407407407407,0.0,0.037037037037037035,relative_loss<=0.2,1,39.800000000000004,7
headroom_micro-neural_step_size_fixed_b8_9f3194be.jsonl,exploratory ablation,fixed_eval,8,150.0,mlp_d32_h128_c5_n512_fb,,full,3,static[6],,2.040332317352295,0.17854264378547668,2.436040500787855,0,147.69999999999993,0.0,18,cost_budget,0.15789473684210525,0.0,0.15789473684210525,relative_loss<=0.2,1,82.29999999999998,9
headroom_micro-neural_step_size_fixed_b8_9f3194be.jsonl,exploratory ablation,fixed_eval,8,150.0,mlp_d32_h128_c5_n512_fb,,full,3,static[8],,2.040332317352295,0.43430039286613464,1.547131530097701,0,149.7999999999999,0.0,38,cost_budget,0.0,0.0,0.02564102564102564,relative_loss<=0.2,0,,
headroom_micro-neural_step_size_fixed_b8_9f3194be.jsonl,exploratory ablation,fixed_eval,8,150.0,mlp_d32_h128_c5_n512_fb,,full,4,best_static@easy,,2.016491413116455,0.010758272372186184,5.233439374356924,0,149.79999999999993,0.0,27,cost_budget,0.07142857142857142,0.0,0.07142857142857142,relative_loss<=0.5,1,28.6,5
headroom_micro-neural_step_size_fixed_b8_9f3194be.jsonl,exploratory ablation,fixed_eval,8,150.0,mlp_d32_h128_c5_n512_fb,,full,4,best_static@hard,,2.016491413116455,0.010758272372186184,5.233439374356924,0,149.79999999999993,0.0,27,cost_budget,0.07142857142857142,0.0,0.07142857142857142,relative_loss<=0.1,1,39.800000000000004,7
headroom_micro-neural_step_size_fixed_b8_9f3194be.jsonl,exploratory ablation,fixed_eval,8,150.0,mlp_d32_h128_c5_n512_fb,,full,4,best_static@medium,,2.016491413116455,0.010758272372186184,5.233439374356924,0,149.79999999999993,0.0,27,cost_budget,0.07142857142857142,0.0,0.07142857142857142,relative_loss<=0.2,1,34.2,6
headroom_micro-neural_step_size_fixed_b8_9f3194be.jsonl,exploratory ablation,fixed_eval,8,150.0,mlp_d32_h128_c5_n512_fb,,full,4,committed_Q4_narrow,,2.016491413116455,8.149071639707017e-09,19.326720902431703,0,146.29999999999995,23538.5,25,cost_budget,0.038461538461538464,0.0,0.038461538461538464,relative_loss<=0.2,1,16.799999999999997,3
headroom_micro-neural_step_size_fixed_b8_9f3194be.jsonl,exploratory ablation,fixed_eval,8,150.0,mlp_d32_h128_c5_n512_fb,,full,4,heuristic,,2.016491413116455,0.012233993038535118,5.1048959641995015,0,148.79999999999998,0.0,12,cost_budget,0.15384615384615385,0.0,0.3076923076923077,relative_loss<=0.2,1,38.7,4
headroom_micro-neural_step_size_fixed_b8_9f3194be.jsonl,exploratory ablation,fixed_eval,8,150.0,mlp_d32_h128_c5_n512_fb,,full,4,onestep_absolute,,2.016491413116455,1.0011716788937974e-08,19.12086882795009,0,145.59999999999994,9542.2,21,cost_budget,0.0,0.0,0.0,relative_loss<=0.2,1,11.2,2
headroom_micro-neural_step_size_fixed_b8_9f3194be.jsonl,exploratory ablation,fixed_eval,8,150.0,mlp_d32_h128_c5_n512_fb,,full,4,onestep_narrow,,2.016491413116455,7.450580152834618e-09,19.41633301173468,0,149.59999999999994,2573.2,26,cost_budget,0.0,0.0,0.037037037037037035,relative_loss<=0.2,1,16.799999999999997,3
headroom_micro-neural_step_size_fixed_b8_9f3194be.jsonl,exploratory ablation,fixed_eval,8,150.0,mlp_d32_h128_c5_n512_fb,,full,4,onestep_wide,,2.016491413116455,1.280568451278441e-08,18.874735739055424,0,145.59999999999994,4346.8,21,cost_budget,0.0,0.0,0.0,relative_loss<=0.2,1,11.2,2
headroom_micro-neural_step_size_fixed_b8_9f3194be.jsonl,exploratory ablation,fixed_eval,8,150.0,mlp_d32_h128_c5_n512_fb,,full,4,open_loop[0],,2.016491413116455,0.06168957054615021,3.48699947427874,0,148.29999999999995,0.0,19,cost_budget,0.15,0.0,0.25,relative_loss<=0.2,1,45.5,6
headroom_micro-neural_step_size_fixed_b8_9f3194be.jsonl,exploratory ablation,fixed_eval,8,150.0,mlp_d32_h128_c5_n512_fb,,full,4,open_loop[1],best_open_loop,2.016491413116455,0.06615187227725983,3.417161162322111,0,148.09999999999994,0.0,22,cost_budget,0.13043478260869565,0.0,0.13043478260869565,relative_loss<=0.2,1,48.1,7
headroom_micro-neural_step_size_fixed_b8_9f3194be.jsonl,exploratory ablation,fixed_eval,8,150.0,mlp_d32_h128_c5_n512_fb,,full,4,open_loop[2],,2.016491413116455,0.2999067008495331,1.9056429268753172,0,146.70000000000002,0.0,22,cost_budget,0.6521739130434783,0.0,0.8260869565217391,relative_loss<=0.2,1,146.70000000000002,22
headroom_micro-neural_step_size_fixed_b8_9f3194be.jsonl,exploratory ablation,fixed_eval,8,150.0,mlp_d32_h128_c5_n512_fb,,full,4,open_loop[3],,2.016491413116455,0.6785218715667725,1.089197642062477,0,147.1999999999999,0.0,36,cost_budget,0.05405405405405406,0.0,0.05405405405405406,relative_loss<=0.2,0,,
headroom_micro-neural_step_size_fixed_b8_9f3194be.jsonl,exploratory ablation,fixed_eval,8,150.0,mlp_d32_h128_c5_n512_fb,,full,4,open_loop[4],,2.016491413116455,0.04023894667625427,3.9142790065821806,0,143.49999999999994,0.0,21,cost_budget,0.13636363636363635,0.0,0.22727272727272727,relative_loss<=0.2,1,47.5,6
headroom_micro-neural_step_size_fixed_b8_9f3194be.jsonl,exploratory ablation,fixed_eval,8,150.0,mlp_d32_h128_c5_n512_fb,,full,4,open_loop[5],,2.016491413116455,0.2801160216331482,1.9739104756734984,0,149.7999999999999,0.0,38,cost_budget,0.0,0.0,0.02564102564102564,relative_loss<=0.2,1,16.799999999999997,3
headroom_micro-neural_step_size_fixed_b8_9f3194be.jsonl,exploratory ablation,fixed_eval,8,150.0,mlp_d32_h128_c5_n512_fb,,full,4,shrinking_Q4@easy,,2.016491413116455,2.1187586796145297e-08,18.371209432252414,0,145.59999999999994,3019.1,26,cost_budget,0.0,0.0,0.037037037037037035,relative_loss<=0.5,1,11.2,2
headroom_micro-neural_step_size_fixed_b8_9f3194be.jsonl,exploratory ablation,fixed_eval,8,150.0,mlp_d32_h128_c5_n512_fb,,full,4,shrinking_Q4@hard,,2.016491413116455,2.1187586796145297e-08,18.371209432252414,0,145.59999999999994,5759.2,26,cost_budget,0.0,0.0,0.037037037037037035,relative_loss<=0.1,1,28.0,5
headroom_micro-neural_step_size_fixed_b8_9f3194be.jsonl,exploratory ablation,fixed_eval,8,150.0,mlp_d32_h128_c5_n512_fb,,full,4,shrinking_Q4@medium,,2.016491413116455,2.1187586796145297e-08,18.371209432252414,0,145.59999999999994,3196.9,26,cost_budget,0.0,0.0,0.037037037037037035,relative_loss<=0.2,1,16.799999999999997,3
headroom_micro-neural_step_size_fixed_b8_9f3194be.jsonl,exploratory ablation,fixed_eval,8,150.0,mlp_d32_h128_c5_n512_fb,,full,4,shrinking_Q4_narrow,,2.016491413116455,8.381902283360887e-09,19.298550022437468,0,147.69999999999996,197323.2,24,cost_budget,0.04,0.0,0.04,relative_loss<=0.2,1,16.799999999999997,3
headroom_micro-neural_step_size_fixed_b8_9f3194be.jsonl,exploratory ablation,fixed_eval,8,150.0,mlp_d32_h128_c5_n512_fb,,full,4,static[0],,2.016491413116455,0.8332569599151611,0.8837722861072151,0,146.00000000000006,0.0,25,cost_budget,0.8076923076923077,0.0,0.15384615384615385,relative_loss<=0.2,0,,
headroom_micro-neural_step_size_fixed_b8_9f3194be.jsonl,exploratory ablation,fixed_eval,8,150.0,mlp_d32_h128_c5_n512_fb,,full,4,static[10],,2.016491413116455,0.6786984205245972,1.08893747949366,0,146.8999999999999,0.0,36,cost_budget,0.02702702702702703,0.0,0.05405405405405406,relative_loss<=0.2,0,,
headroom_micro-neural_step_size_fixed_b8_9f3194be.jsonl,exploratory ablation,fixed_eval,8,150.0,mlp_d32_h128_c5_n512_fb,,full,4,static[2],,2.016491413116455,0.8347054123878479,0.8820354929267005,0,146.30000000000004,0.0,22,cost_budget,0.782608695652174,0.0,1.0,relative_loss<=0.2,0,,
headroom_micro-neural_step_size_fixed_b8_9f3194be.jsonl,exploratory ablation,fixed_eval,8,150.0,mlp_d32_h128_c5_n512_fb,,full,4,static[4],best_static,2.016491413116455,0.010758272372186184,5.233439374356924,0,149.79999999999993,0.0,27,cost_budget,0.07142857142857142,0.0,0.07142857142857142,relative_loss<=0.2,1,34.2,6
headroom_micro-neural_step_size_fixed_b8_9f3194be.jsonl,exploratory ablation,fixed_eval,8,150.0,mlp_d32_h128_c5_n512_fb,,full,4,static[6],,2.016491413116455,0.08886691182851791,3.1219744781604373,0,143.69999999999996,0.0,18,cost_budget,0.15789473684210525,0.0,0.2631578947368421,relative_loss<=0.2,1,45.5,6
headroom_micro-neural_step_size_fixed_b8_9f3194be.jsonl,exploratory ablation,fixed_eval,8,150.0,mlp_d32_h128_c5_n512_fb,,full,4,static[8],,2.016491413116455,0.281480073928833,1.9690526962520445,0,149.7999999999999,0.0,38,cost_budget,0.0,0.0,0.02564102564102564,relative_loss<=0.2,1,16.799999999999997,3
